Start Time,Duration,Run ID,Name,Source Type,Source Name,User,Status,concentrate_scale,enforce_invertibility,enforce_stationarity,hamilton_representation,k_ar,k_ar_params,k_diff,k_exog,k_ma,k_ma_params,k_seasonal_ar,k_seasonal_diff,k_seasonal_ma,k_trend,measurement_error,mle_regression,order,seasonal_order,seasonal_periods,simple_differencing,state_regression,time_varying_regression,trend,trend_offset,mae,mape,r2,rmse,split,submodel,model,drift,data
2022-09-22 09:49:19,47ms,0a5d6bad0440449197182e2702d5dd1e,Russia.AA.test.14,LOCAL,codrift5.py,marabots,FINISHED,False,True,True,False,0,0,1,0,0,0,0,0,0,0,False,False,"(0, 1, 0)","(0, 0, 0, 0)",0,False,False,False,n,1,662.9375,0.021001653686011777,0.9770759081832608,838.2165964116912,test,14,AA,adwin,Russia
2022-09-22 09:49:19,47ms,ee120420e1154ecbaf6b62c3ad13e3e6,Russia.AA.test.13,LOCAL,codrift5.py,marabots,FINISHED,False,True,True,False,0,0,1,0,0,0,0,0,0,0,False,False,"(0, 1, 0)","(0, 0, 0, 0)",0,False,False,False,n,1,662.9375,0.021001653686011777,0.9770759081832608,838.2165964116912,test,13,AA,adwin,Russia
2022-09-22 09:49:19,47ms,c6ec2d72cac04678a21de3efab1b1811,Russia.AA.test.12,LOCAL,codrift5.py,marabots,FINISHED,False,True,True,False,0,0,1,0,0,0,0,0,0,0,False,False,"(0, 1, 0)","(0, 0, 0, 0)",0,False,False,False,n,1,662.9375,0.021001653686011777,0.9770759081832608,838.2165964116912,test,12,AA,adwin,Russia
2022-09-22 09:49:19,48ms,77bcd9fd096c4feda93ede93f1bd2883,Russia.AA.test.11,LOCAL,codrift5.py,marabots,FINISHED,False,True,True,False,0,0,1,0,0,0,0,0,0,0,False,False,"(0, 1, 0)","(0, 0, 0, 0)",0,False,False,False,n,1,662.9375,0.021001653686011777,0.9770759081832608,838.2165964116912,test,11,AA,adwin,Russia
2022-09-22 09:49:19,47ms,396a33d9d8674cff973f043ca8d77eed,Russia.AA.test.10,LOCAL,codrift5.py,marabots,FINISHED,False,True,True,False,0,0,1,0,0,0,0,0,0,0,False,False,"(0, 1, 0)","(0, 0, 0, 0)",0,False,False,False,n,1,662.9375,0.021001653686011777,0.9770759081832608,838.2165964116912,test,10,AA,adwin,Russia
2022-09-22 09:49:19,46ms,c177182499d4450d98b58bf4554cb580,Russia.AA.test.9,LOCAL,codrift5.py,marabots,FINISHED,False,True,True,False,1,1,1,0,2,2,0,0,0,0,False,False,"(1, 1, 2)","(0, 0, 0, 0)",0,False,False,False,n,1,662.2857415417485,0.021225717781025014,0.9751488823911217,872.7365172190222,test,9,AA,adwin,Russia
2022-09-22 09:49:19,46ms,944aaf78352145be8b4a21d7466e8be2,Russia.AA.test.8,LOCAL,codrift5.py,marabots,FINISHED,False,True,True,False,0,0,1,0,0,0,0,0,0,0,False,False,"(0, 1, 0)","(0, 0, 0, 0)",0,False,False,False,n,1,662.9375,0.021001653686011777,0.9770759081832608,838.2165964116912,test,8,AA,adwin,Russia
2022-09-22 09:49:19,46ms,09c866bea8244025b0ae0b3a3482e2f0,Russia.AA.test.7,LOCAL,codrift5.py,marabots,FINISHED,False,True,True,False,0,0,1,0,0,0,0,0,0,0,False,False,"(0, 1, 0)","(0, 0, 0, 0)",0,False,False,False,n,1,662.9375,0.021001653686011777,0.9770759081832608,838.2165964116912,test,7,AA,adwin,Russia
2022-09-22 09:49:19,47ms,6cb3c0e48b52457b9aa24167005c0f88,Russia.AA.test.6,LOCAL,codrift5.py,marabots,FINISHED,False,True,True,False,0,0,1,0,0,0,0,0,0,0,False,False,"(0, 1, 0)","(0, 0, 0, 0)",0,False,False,False,n,1,662.9375,0.021001653686011777,0.9770759081832608,838.2165964116912,test,6,AA,adwin,Russia
2022-09-22 09:49:19,46ms,b3fefd893e2b48139f87395fcd080a37,Russia.AA.test.5,LOCAL,codrift5.py,marabots,FINISHED,False,True,True,False,1,1,1,0,0,0,0,0,0,0,False,False,"(1, 1, 0)","(0, 0, 0, 0)",0,False,False,False,n,1,888.0892788650492,0.027285461852128524,0.9563473148441444,1156.6865014787145,test,5,AA,adwin,Russia
2022-09-22 09:49:19,46ms,12f5f74e3c6a409e9fc3fc436f3cb0df,Russia.AA.test.4,LOCAL,codrift5.py,marabots,FINISHED,False,True,True,False,0,0,1,0,0,0,0,0,0,0,False,False,"(0, 1, 0)","(0, 0, 0, 0)",0,False,False,False,n,1,662.9375,0.02100165368601178,0.9770759081832608,838.2165964116912,test,4,AA,adwin,Russia
2022-09-22 09:49:19,45ms,9e39664e8df8413b98af85e70e934650,Russia.AA.test.3,LOCAL,codrift5.py,marabots,FINISHED,False,True,True,False,0,0,1,0,0,0,0,0,0,0,False,False,"(0, 1, 0)","(0, 0, 0, 0)",0,False,False,False,n,1,662.9375,0.021001653686011777,0.9770759081832608,838.2165964116912,test,3,AA,adwin,Russia
2022-09-22 09:49:19,46ms,6e2d8b1efeca4c9390a3cdb1446a100f,Russia.AA.test.2,LOCAL,codrift5.py,marabots,FINISHED,False,True,True,False,0,0,1,0,0,0,0,0,0,0,False,False,"(0, 1, 0)","(0, 0, 0, 0)",0,False,False,False,n,1,662.9375,0.021001653686011777,0.9770759081832608,838.2165964116912,test,2,AA,adwin,Russia
2022-09-22 09:49:19,46ms,9008df97465d40549440aa8d1a033936,Russia.AA.test.1,LOCAL,codrift5.py,marabots,FINISHED,False,True,True,False,0,0,1,0,0,0,0,0,0,0,False,False,"(0, 1, 0)","(0, 0, 0, 0)",0,False,False,False,n,1,662.9375,0.021001653686011777,0.9770759081832608,838.2165964116912,test,1,AA,adwin,Russia
2022-09-22 09:49:19,65ms,6861a50ff8574d78a1ef91ddc4298c63,Russia.AA.test.0,LOCAL,codrift5.py,marabots,FINISHED,False,True,True,False,3,3,1,0,1,1,0,0,0,0,False,False,"(3, 1, 1)","(0, 0, 0, 0)",0,False,False,False,n,1,727.4855315261118,0.02251858834879343,0.9719571172347508,927.0891833336452,test,0,AA,adwin,Russia
2022-09-22 09:49:07,12.6s,a78f52b928674bdfbd2a15ffd1ac66fd,Russia.AA.test,LOCAL,codrift5.py,marabots,FINISHED,,,,,,,,,,,,,,,,,,,,,,,,,,,,,,,,,
2022-09-22 09:49:03,70ms,bcf980007a1e41fdb906990a8722e3e3,India.AA.test.16,LOCAL,codrift5.py,marabots,FINISHED,False,True,True,False,0,0,1,0,0,0,0,0,0,0,False,False,"(0, 1, 0)","(0, 0, 0, 0)",0,False,False,False,n,1,2069.609375,0.1965873611817927,-0.09395017487984902,3610.678072138944,test,16,AA,adwin,India
2022-09-22 09:49:03,69ms,67e2e7e74ce240bb9f3c9fdb2228822c,India.AA.test.15,LOCAL,codrift5.py,marabots,FINISHED,False,True,True,False,0,0,1,0,0,0,0,0,0,0,False,False,"(0, 1, 0)","(0, 0, 0, 0)",0,False,False,False,n,1,2069.609375,0.1965873611817927,-0.09395017487984902,3610.6780721389437,test,15,AA,adwin,India
2022-09-22 09:49:03,76ms,3886861e3c6445cd86079d4e8021e5fa,India.AA.test.14,LOCAL,codrift5.py,marabots,FINISHED,False,True,True,False,0,0,1,0,0,0,0,0,0,0,False,False,"(0, 1, 0)","(0, 0, 0, 0)",0,False,False,False,n,1,2069.609375,0.1965873611817927,-0.09395017487984902,3610.6780721389437,test,14,AA,adwin,India
2022-09-22 09:49:03,63ms,77b27f2a98064ff4a53df74aa7512bcb,India.AA.test.13,LOCAL,codrift5.py,marabots,FINISHED,False,True,True,False,3,3,1,0,2,2,0,0,0,0,False,False,"(3, 1, 2)","(0, 0, 0, 0)",0,False,False,False,n,1,2000.8933054377767,0.18620126118342747,-0.021838009608508457,3489.6431956539122,test,13,AA,adwin,India
2022-09-22 09:49:03,73ms,ccaa78d2d4f544ed809ee579d4f87a4b,India.AA.test.12,LOCAL,codrift5.py,marabots,FINISHED,False,True,True,False,0,0,1,0,0,0,0,0,0,0,False,False,"(0, 1, 0)","(0, 0, 0, 0)",0,False,False,False,n,1,2069.609375,0.1965873611817927,-0.09395017487984902,3610.6780721389437,test,12,AA,adwin,India
2022-09-22 09:49:03,64ms,3ed580d461f44cfda9f9b8975818a7fd,India.AA.test.11,LOCAL,codrift5.py,marabots,FINISHED,False,True,True,False,0,0,1,0,0,0,0,0,0,0,False,False,"(0, 1, 0)","(0, 0, 0, 0)",0,False,False,False,n,1,2069.609375,0.1965873611817927,-0.09395017487984902,3610.6780721389437,test,11,AA,adwin,India
2022-09-22 09:49:02,72ms,cc3ae85c70f0436781b49a506830fdbf,India.AA.test.10,LOCAL,codrift5.py,marabots,FINISHED,False,True,True,False,0,0,1,0,0,0,0,0,0,0,False,False,"(0, 1, 0)","(0, 0, 0, 0)",0,False,False,False,n,1,2069.609375,0.1965873611817927,-0.09395017487984902,3610.6780721389437,test,10,AA,adwin,India
2022-09-22 09:49:02,64ms,a9d64ea72c7b4645b13673b1ee2f6379,India.AA.test.9,LOCAL,codrift5.py,marabots,FINISHED,False,True,True,False,1,1,1,0,0,0,0,0,0,0,False,False,"(1, 1, 0)","(0, 0, 0, 0)",0,False,False,False,n,1,2108.5847107898926,0.18361939679126674,0.07026726504939074,3328.6570983282077,test,9,AA,adwin,India
2022-09-22 09:49:02,68ms,07a3bccda18347f79f9d9947d79222fa,India.AA.test.8,LOCAL,codrift5.py,marabots,FINISHED,False,True,True,False,1,1,1,0,0,0,0,0,0,0,False,False,"(1, 1, 0)","(0, 0, 0, 0)",0,False,False,False,n,1,1987.547034002505,0.17952214793820082,0.07284727045563688,3324.035383316506,test,8,AA,adwin,India
2022-09-22 09:49:02,77ms,d1a7392e076340eabff81a9fc146df9c,India.AA.test.7,LOCAL,codrift5.py,marabots,FINISHED,False,True,True,False,0,0,1,0,0,0,0,0,0,0,False,False,"(0, 1, 0)","(0, 0, 0, 0)",0,False,False,False,n,1,2069.609375,0.1965873611817927,-0.09395017487984902,3610.6780721389437,test,7,AA,adwin,India
2022-09-22 09:49:02,70ms,e11553032b0546299b77c43e26b2d4b9,India.AA.test.6,LOCAL,codrift5.py,marabots,FINISHED,False,True,True,False,4,4,1,0,2,2,0,0,0,0,False,False,"(4, 1, 2)","(0, 0, 0, 0)",0,False,False,False,n,1,2130.635828134451,0.2019043667875682,-0.12103769045221568,3655.1070802066656,test,6,AA,adwin,India
2022-09-22 09:49:02,62ms,709ceb77c2f74264876d4133a1d7b238,India.AA.test.5,LOCAL,codrift5.py,marabots,FINISHED,False,True,True,False,0,0,1,0,0,0,0,0,0,0,False,False,"(0, 1, 0)","(0, 0, 0, 0)",0,False,False,False,n,1,2069.609375,0.1965873611817927,-0.09395017487984902,3610.6780721389437,test,5,AA,adwin,India
2022-09-22 09:49:02,79ms,1d5bf55ffc5f430ea0d967121f0b89a5,India.AA.test.4,LOCAL,codrift5.py,marabots,FINISHED,False,True,True,False,0,0,1,0,0,0,0,0,0,0,False,False,"(0, 1, 0)","(0, 0, 0, 0)",0,False,False,False,n,1,2069.609375,0.1965873611817927,-0.09395017487984902,3610.6780721389437,test,4,AA,adwin,India
2022-09-22 09:49:02,60ms,a1ff073e18714da592829a60585b11b8,India.AA.test.3,LOCAL,codrift5.py,marabots,FINISHED,False,True,True,False,0,0,1,0,0,0,0,0,0,0,False,False,"(0, 1, 0)","(0, 0, 0, 0)",0,False,False,False,n,1,2069.609375,0.1965873611817927,-0.09395017487984902,3610.6780721389437,test,3,AA,adwin,India
2022-09-22 09:49:02,56ms,651f00fdb2424d5e976b5dfa0e336185,India.AA.test.2,LOCAL,codrift5.py,marabots,FINISHED,False,True,True,False,0,0,1,0,0,0,0,0,0,0,False,False,"(0, 1, 0)","(0, 0, 0, 0)",0,False,False,False,n,1,2069.609375,0.1965873611817927,-0.09395017487984902,3610.6780721389437,test,2,AA,adwin,India
2022-09-22 09:49:02,62ms,628a50fc4f784c5bb7a063975611ff5a,India.AA.test.1,LOCAL,codrift5.py,marabots,FINISHED,False,True,True,False,0,0,1,0,1,1,0,0,0,0,False,False,"(0, 1, 1)","(0, 0, 0, 0)",0,False,False,False,n,1,1918.5753912480911,0.16947860084154728,0.11640650419145504,3245.0115925921464,test,1,AA,adwin,India
2022-09-22 09:49:02,88ms,6d3edfad9a914362b703c3634147280f,India.AA.test.0,LOCAL,codrift5.py,marabots,FINISHED,False,True,True,False,0,0,1,0,2,2,0,0,0,0,False,False,"(0, 1, 2)","(0, 0, 0, 0)",0,False,False,False,n,1,1934.8923488460503,0.15492591566609035,0.135831777052413,3209.14354622668,test,0,AA,adwin,India
2022-09-22 09:48:47,16.0s,3c276e2aa2854481a7d346dfd62d3afa,India.AA.test,LOCAL,codrift5.py,marabots,FINISHED,,,,,,,,,,,,,,,,,,,,,,,,,,,,,,,,,
2022-09-22 09:48:43,72ms,19b9f22df3d547daadd9532d584bfe3e,South Africa.AA.test.13,LOCAL,codrift5.py,marabots,FINISHED,False,True,True,False,0,0,1,0,0,0,0,0,0,0,False,False,"(0, 1, 0)","(0, 0, 0, 0)",0,False,False,False,n,1,3177.546875,0.5994384370402186,0.5552787037532301,6011.758949914326,test,13,AA,adwin,South Africa
2022-09-22 09:48:43,71ms,5f878da124404d199fbf93e38e500796,South Africa.AA.test.12,LOCAL,codrift5.py,marabots,FINISHED,False,True,True,False,0,0,1,0,0,0,0,0,0,0,False,False,"(0, 1, 0)","(0, 0, 0, 0)",0,False,False,False,n,1,3177.546875,0.5994384370402186,0.5552787037532301,6011.758949914326,test,12,AA,adwin,South Africa
2022-09-22 09:48:43,77ms,ac5070b925ac41b88f3eba09f6147453,South Africa.AA.test.11,LOCAL,codrift5.py,marabots,FINISHED,False,True,True,False,0,0,1,0,0,0,0,0,0,0,False,False,"(0, 1, 0)","(0, 0, 0, 0)",0,False,False,False,n,1,3177.546875,0.5994384370402186,0.5552787037532301,6011.758949914326,test,11,AA,adwin,South Africa
2022-09-22 09:48:43,104ms,d55a7927ae6b4f71b4764e6602728587,South Africa.AA.test.10,LOCAL,codrift5.py,marabots,FINISHED,False,True,True,False,2,2,1,0,1,1,0,0,0,0,False,False,"(2, 1, 1)","(0, 0, 0, 0)",0,False,False,False,n,1,3154.5040518152778,0.535522770544501,0.6447651193262123,5372.982134895934,test,10,AA,adwin,South Africa
2022-09-22 09:48:43,95ms,4e4f24e3d2b840149e0d7b00514c9f7c,South Africa.AA.test.9,LOCAL,codrift5.py,marabots,FINISHED,False,True,True,False,0,0,1,0,2,2,0,0,0,0,False,False,"(0, 1, 2)","(0, 0, 0, 0)",0,False,False,False,n,1,3512.778010603837,0.5888019520802725,0.5854522909650441,5804.233224636645,test,9,AA,adwin,South Africa
2022-09-22 09:48:42,104ms,d98d5b1329744a3aa5bc665487d66a30,South Africa.AA.test.8,LOCAL,codrift5.py,marabots,FINISHED,False,True,True,False,2,2,1,0,3,3,0,0,0,0,False,False,"(2, 1, 3)","(0, 0, 0, 0)",0,False,False,False,n,1,2994.6931005859437,0.4599774908811234,0.658907548298042,5264.942706217167,test,8,AA,adwin,South Africa
2022-09-22 09:48:42,90ms,888e24ccf8e148df8f8f3d61b6242ed9,South Africa.AA.test.7,LOCAL,codrift5.py,marabots,FINISHED,False,True,True,False,0,0,1,0,0,0,0,0,0,0,False,False,"(0, 1, 0)","(0, 0, 0, 0)",0,False,False,False,n,1,3177.546875,0.5994384370402186,0.5552787037532301,6011.758949914326,test,7,AA,adwin,South Africa
2022-09-22 09:48:42,78ms,93de677023114b0a86e4578de4a0d2b4,South Africa.AA.test.6,LOCAL,codrift5.py,marabots,FINISHED,False,True,True,False,7,7,1,0,0,0,0,0,0,0,False,False,"(7, 1, 0)","(0, 0, 0, 0)",0,False,False,False,n,1,3123.021137146112,0.5791711463185659,0.5427710204480727,6095.712413126293,test,6,AA,adwin,South Africa
2022-09-22 09:48:42,89ms,af8ab76af13d45b1ac2d6b8f86a529fe,South Africa.AA.test.5,LOCAL,codrift5.py,marabots,FINISHED,False,True,True,False,6,6,1,0,0,0,0,0,0,0,False,False,"(6, 1, 0)","(0, 0, 0, 0)",0,False,False,False,n,1,3871.493891038595,0.5633135356689304,0.5204663166802336,6242.623663292026,test,5,AA,adwin,South Africa
2022-09-22 09:48:42,118ms,5aa668956b1a4972bcf4e8e6dda6bd0c,South Africa.AA.test.4,LOCAL,codrift5.py,marabots,FINISHED,False,True,True,False,0,0,1,0,0,0,0,0,0,0,False,False,"(0, 1, 0)","(0, 0, 0, 0)",0,False,False,False,n,1,3177.546875,0.5994384370402186,0.5552787037532301,6011.758949914326,test,4,AA,adwin,South Africa
2022-09-22 09:48:42,71ms,60810355be0a4d0bbe89f9417fff23b5,South Africa.AA.test.3,LOCAL,codrift5.py,marabots,FINISHED,False,True,True,False,0,0,1,0,0,0,0,0,0,0,False,False,"(0, 1, 0)","(0, 0, 0, 0)",0,False,False,False,n,1,3177.546875,0.5994384370402186,0.5552787037532301,6011.758949914326,test,3,AA,adwin,South Africa
2022-09-22 09:48:42,61ms,e3d1af516b394ef29c6dde46b6ac4136,South Africa.AA.test.2,LOCAL,codrift5.py,marabots,FINISHED,False,True,True,False,0,0,1,0,1,1,0,0,0,0,False,False,"(0, 1, 1)","(0, 0, 0, 0)",0,False,False,False,n,1,3166.7637844199876,0.579537583088296,0.6074427311138269,5648.187520448471,test,2,AA,adwin,South Africa
2022-09-22 09:48:42,58ms,aceaf2ab57974b8babd570e643bbc31d,South Africa.AA.test.1,LOCAL,codrift5.py,marabots,FINISHED,False,True,True,False,3,3,1,0,0,0,0,0,0,0,False,False,"(3, 1, 0)","(0, 0, 0, 0)",0,False,False,False,n,1,3564.308217512661,0.6356203747878281,0.5925718941440026,5754.175288628534,test,1,AA,adwin,South Africa
2022-09-22 09:48:42,77ms,cf24701d6ddf4629967bb7c709e85259,South Africa.AA.test.0,LOCAL,codrift5.py,marabots,FINISHED,False,True,True,False,0,0,1,0,2,2,0,0,0,0,False,False,"(0, 1, 2)","(0, 0, 0, 0)",0,False,False,False,n,1,2991.016492370123,0.5317741355623187,0.6465584150997592,5359.403038709411,test,0,AA,adwin,South Africa
2022-09-22 09:48:16,27.1s,56364f4d3eb94e0d8c6ce99977dacc2e,South Africa.AA.test,LOCAL,codrift5.py,marabots,FINISHED,,,,,,,,,,,,,,,,,,,,,,,,,,,,,,,,,
2022-09-22 09:48:12,49ms,f797ffa213054044a05f90f42c5f12dc,France.AA.test.8,LOCAL,codrift5.py,marabots,FINISHED,False,True,True,False,3,3,1,0,2,2,0,0,0,0,False,False,"(3, 1, 2)","(0, 0, 0, 0)",0,False,False,False,n,1,23289.970336823568,0.7195390618172204,0.22450322253826027,42943.69764163028,test,8,AA,adwin,France
2022-09-22 09:48:12,45ms,9a7571b48a934af39c539f151c0b986e,France.AA.test.7,LOCAL,codrift5.py,marabots,FINISHED,False,True,True,False,0,0,1,0,0,0,0,0,0,0,False,False,"(0, 1, 0)","(0, 0, 0, 0)",0,False,False,False,n,1,13012.453125,0.6394765036431624,0.7058997118502442,26445.827612486908,test,7,AA,adwin,France
2022-09-22 09:48:12,45ms,e7162525620d4b6fa474890eee075d4f,France.AA.test.6,LOCAL,codrift5.py,marabots,FINISHED,False,True,True,False,1,1,1,0,1,1,0,0,0,0,False,False,"(1, 1, 1)","(0, 0, 0, 0)",0,False,False,False,n,1,16837.614436549567,0.6205291158052217,0.6558497588278498,28607.735171152824,test,6,AA,adwin,France
2022-09-22 09:48:12,56ms,b1407a4bad6b4d52b23aaf911dfb90d6,France.AA.test.5,LOCAL,codrift5.py,marabots,FINISHED,False,True,True,False,7,7,1,0,0,0,0,0,0,0,False,False,"(7, 1, 0)","(0, 0, 0, 0)",0,False,False,False,n,1,20233.458835709254,0.42185676477188455,0.2647903355079423,41813.35746870841,test,5,AA,adwin,France
2022-09-22 09:48:12,45ms,75914328c7734bfba1fffff75501d5b7,France.AA.test.4,LOCAL,codrift5.py,marabots,FINISHED,False,True,True,False,0,0,1,0,0,0,0,0,0,0,False,False,"(0, 1, 0)","(0, 0, 0, 0)",0,False,False,False,n,1,13012.453125,0.6394765036431624,0.7058997118502442,26445.827612486908,test,4,AA,adwin,France
2022-09-22 09:48:12,45ms,ff149b3629b34a3aa2ef901d300b8430,France.AA.test.3,LOCAL,codrift5.py,marabots,FINISHED,False,True,True,False,0,0,1,0,0,0,0,0,0,0,False,False,"(0, 1, 0)","(0, 0, 0, 0)",0,False,False,False,n,1,13012.453125,0.6394765036431624,0.7058997118502442,26445.827612486908,test,3,AA,adwin,France
2022-09-22 09:48:12,46ms,aac3b88942c843b1a1c293ab05176a52,France.AA.test.2,LOCAL,codrift5.py,marabots,FINISHED,False,True,True,False,0,0,1,0,0,0,0,0,0,0,False,False,"(0, 1, 0)","(0, 0, 0, 0)",0,False,False,False,n,1,13012.453125,0.6394765036431624,0.7058997118502442,26445.827612486908,test,2,AA,adwin,France
2022-09-22 09:48:12,62ms,b48c54699fd54f12a56e9703450b113e,France.AA.test.1,LOCAL,codrift5.py,marabots,FINISHED,False,True,True,False,2,2,1,0,1,1,0,0,0,0,False,False,"(2, 1, 1)","(0, 0, 0, 0)",0,False,False,False,n,1,20236.39297711656,0.7078296400599995,0.5085087622789723,34187.498724660036,test,1,AA,adwin,France
2022-09-22 09:48:12,64ms,71e7f35ab22b481ab8162e9454c38927,France.AA.test.0,LOCAL,codrift5.py,marabots,FINISHED,False,True,True,False,3,3,1,0,2,2,0,0,0,0,False,False,"(3, 1, 2)","(0, 0, 0, 0)",0,False,False,False,n,1,24171.677116993134,0.9441260749866746,0.1861187902801129,43993.64526320598,test,0,AA,adwin,France
2022-09-22 09:47:56,16.5s,326005105cd146c2888bec42fd3bdd6f,France.AA.test,LOCAL,codrift5.py,marabots,FINISHED,,,,,,,,,,,,,,,,,,,,,,,,,,,,,,,,,
2022-09-22 09:47:52,47ms,1a26e91a5206442eaa21bf04b8a05bcf,Italy.AA.test.13,LOCAL,codrift5.py,marabots,FINISHED,False,True,True,False,0,0,1,0,0,0,0,0,0,0,False,False,"(0, 1, 0)","(0, 0, 0, 0)",0,False,False,False,n,1,4768.9375,0.22191265917190256,0.8757111199900748,9345.008015646643,test,13,AA,adwin,Italy
2022-09-22 09:47:52,45ms,c7a33dcc84274af6b0978d1373502f5d,Italy.AA.test.12,LOCAL,codrift5.py,marabots,FINISHED,False,True,True,False,0,0,1,0,0,0,0,0,0,0,False,False,"(0, 1, 0)","(0, 0, 0, 0)",0,False,False,False,n,1,4768.9375,0.22191265917190256,0.8757111199900748,9345.008015646643,test,12,AA,adwin,Italy
2022-09-22 09:47:52,45ms,635cc190b3594724b3017fede2023681,Italy.AA.test.11,LOCAL,codrift5.py,marabots,FINISHED,False,True,True,False,0,0,1,0,0,0,0,0,0,0,False,False,"(0, 1, 0)","(0, 0, 0, 0)",0,False,False,False,n,1,4768.9375,0.22191265917190256,0.8757111199900748,9345.008015646643,test,11,AA,adwin,Italy
2022-09-22 09:47:51,45ms,0aa23bbd31ec43a6b7a69a0bf77c6a31,Italy.AA.test.10,LOCAL,codrift5.py,marabots,FINISHED,False,True,True,False,0,0,1,0,0,0,0,0,0,0,False,False,"(0, 1, 0)","(0, 0, 0, 0)",0,False,False,False,n,1,4768.9375,0.22191265917190256,0.8757111199900748,9345.008015646643,test,10,AA,adwin,Italy
2022-09-22 09:47:51,45ms,d3aad29dad574dbf8d6facaf43d44d38,Italy.AA.test.9,LOCAL,codrift5.py,marabots,FINISHED,False,True,True,False,0,0,1,0,0,0,0,0,0,0,False,False,"(0, 1, 0)","(0, 0, 0, 0)",0,False,False,False,n,1,4768.9375,0.22191265917190256,0.8757111199900748,9345.008015646643,test,9,AA,adwin,Italy
2022-09-22 09:47:51,53ms,d1b61f69256a4631b4236e64ef71f5a7,Italy.AA.test.8,LOCAL,codrift5.py,marabots,FINISHED,False,True,True,False,0,0,1,0,0,0,0,0,0,0,False,False,"(0, 1, 0)","(0, 0, 0, 0)",0,False,False,False,n,1,4768.9375,0.22191265917190256,0.8757111199900748,9345.008015646643,test,8,AA,adwin,Italy
2022-09-22 09:47:51,45ms,ba1e0bc59d64409b9ef8fa00bcee9e52,Italy.AA.test.7,LOCAL,codrift5.py,marabots,FINISHED,False,True,True,False,0,0,1,0,0,0,0,0,0,0,False,False,"(0, 1, 0)","(0, 0, 0, 0)",0,False,False,False,n,1,4768.9375,0.22191265917190256,0.8757111199900748,9345.008015646643,test,7,AA,adwin,Italy
2022-09-22 09:47:51,46ms,2158196e74aa434489a7c58e85c13341,Italy.AA.test.6,LOCAL,codrift5.py,marabots,FINISHED,False,True,True,False,0,0,1,0,0,0,0,0,0,0,False,False,"(0, 1, 0)","(0, 0, 0, 0)",0,False,False,False,n,1,4768.9375,0.22191265917190256,0.8757111199900748,9345.008015646643,test,6,AA,adwin,Italy
2022-09-22 09:47:51,45ms,0ddd854b216e4efab600de82a6f246c2,Italy.AA.test.5,LOCAL,codrift5.py,marabots,FINISHED,False,True,True,False,0,0,1,0,0,0,0,0,0,0,False,False,"(0, 1, 0)","(0, 0, 0, 0)",0,False,False,False,n,1,4768.9375,0.22191265917190256,0.8757111199900748,9345.008015646643,test,5,AA,adwin,Italy
2022-09-22 09:47:51,45ms,1663b0196b6346b58e277530893ef15e,Italy.AA.test.4,LOCAL,codrift5.py,marabots,FINISHED,False,True,True,False,0,0,1,0,0,0,0,0,0,0,False,False,"(0, 1, 0)","(0, 0, 0, 0)",0,False,False,False,n,1,4768.9375,0.22191265917190256,0.8757111199900748,9345.008015646643,test,4,AA,adwin,Italy
2022-09-22 09:47:51,45ms,e99bee27190e44dab5686e9b4476f056,Italy.AA.test.3,LOCAL,codrift5.py,marabots,FINISHED,False,True,True,False,0,0,1,0,0,0,0,0,0,0,False,False,"(0, 1, 0)","(0, 0, 0, 0)",0,False,False,False,n,1,4768.9375,0.22191265917190256,0.8757111199900748,9345.008015646643,test,3,AA,adwin,Italy
2022-09-22 09:47:51,46ms,80f848c9fbd84baa9747afe3553621a7,Italy.AA.test.2,LOCAL,codrift5.py,marabots,FINISHED,False,True,True,False,0,0,1,0,1,1,0,0,0,0,False,False,"(0, 1, 1)","(0, 0, 0, 0)",0,False,False,False,n,1,7915.97914466389,0.27825646622509054,0.5789947831717535,17199.16170256157,test,2,AA,adwin,Italy
2022-09-22 09:47:51,65ms,f8796cef551f45ed968c605427455e70,Italy.AA.test.1,LOCAL,codrift5.py,marabots,FINISHED,False,True,True,False,0,0,1,0,0,0,0,0,0,0,False,False,"(0, 1, 0)","(0, 0, 0, 0)",0,False,False,False,n,1,4768.9375,0.22191265917190256,0.8757111199900748,9345.008015646643,test,1,AA,adwin,Italy
2022-09-22 09:47:51,47ms,53332bb7401946a39eaeedb2926acf2e,Italy.AA.test.0,LOCAL,codrift5.py,marabots,FINISHED,False,True,True,False,0,0,1,0,0,0,0,0,0,0,False,False,"(0, 1, 0)","(0, 0, 0, 0)",0,False,False,False,n,1,4768.9375,0.22191265917190256,0.8757111199900748,9345.008015646643,test,0,AA,adwin,Italy
2022-09-22 09:47:43,8.9s,876ab593620e40e8b87903166390f06f,Italy.AA.test,LOCAL,codrift5.py,marabots,FINISHED,,,,,,,,,,,,,,,,,,,,,,,,,,,,,,,,,
2022-09-22 09:47:39,45ms,6066fd2a0df042f99e8ab06f6c3ed29a,United Kingdom.AA.test.15,LOCAL,codrift5.py,marabots,FINISHED,False,True,True,False,2,2,1,0,2,2,0,0,0,0,False,False,"(2, 1, 2)","(0, 0, 0, 0)",0,False,False,False,n,1,6092.146257733664,0.09849136544399315,0.9367007971341079,9700.221786852806,test,15,AA,adwin,United Kingdom
2022-09-22 09:47:39,45ms,992402edea4e4430ae2c105754589c8b,United Kingdom.AA.test.14,LOCAL,codrift5.py,marabots,FINISHED,False,True,True,False,0,0,1,0,0,0,0,0,0,0,False,False,"(0, 1, 0)","(0, 0, 0, 0)",0,False,False,False,n,1,5871.0625,0.09322097184641388,0.9445591926156154,9078.14921425342,test,14,AA,adwin,United Kingdom
2022-09-22 09:47:39,45ms,f6807d5f34bb46a78f7a1ce6729f23b7,United Kingdom.AA.test.13,LOCAL,codrift5.py,marabots,FINISHED,False,True,True,False,0,0,1,0,0,0,0,0,0,0,False,False,"(0, 1, 0)","(0, 0, 0, 0)",0,False,False,False,n,1,5871.0625,0.09322097184641388,0.9445591926156154,9078.14921425342,test,13,AA,adwin,United Kingdom
2022-09-22 09:47:39,45ms,6271c1b889b64f7c810dd4c0e20fb55a,United Kingdom.AA.test.12,LOCAL,codrift5.py,marabots,FINISHED,False,True,True,False,0,0,1,0,0,0,0,0,0,0,False,False,"(0, 1, 0)","(0, 0, 0, 0)",0,False,False,False,n,1,5871.0625,0.09322097184641388,0.9445591926156154,9078.14921425342,test,12,AA,adwin,United Kingdom
2022-09-22 09:47:39,50ms,819166c312a140c48d401ce538b7cc2e,United Kingdom.AA.test.11,LOCAL,codrift5.py,marabots,FINISHED,False,True,True,False,0,0,1,0,2,2,0,0,0,0,False,False,"(0, 1, 2)","(0, 0, 0, 0)",0,False,False,False,n,1,5989.769022449162,0.0928551482451755,0.9407137913780456,9387.70389303806,test,11,AA,adwin,United Kingdom
2022-09-22 09:47:39,45ms,5ff0a005d8234447bd4266bf33cfcf50,United Kingdom.AA.test.10,LOCAL,codrift5.py,marabots,FINISHED,False,True,True,False,0,0,1,0,0,0,0,0,0,0,False,False,"(0, 1, 0)","(0, 0, 0, 0)",0,False,False,False,n,1,5871.0625,0.09322097184641388,0.9445591926156154,9078.14921425342,test,10,AA,adwin,United Kingdom
2022-09-22 09:47:39,45ms,51fbc5fc0eca47bfac890fa3594343e7,United Kingdom.AA.test.9,LOCAL,codrift5.py,marabots,FINISHED,False,True,True,False,3,3,1,0,2,2,0,0,0,0,False,False,"(3, 1, 2)","(0, 0, 0, 0)",0,False,False,False,n,1,5502.916156723843,0.0888302387708327,0.950912158697071,8542.19557824911,test,9,AA,adwin,United Kingdom
2022-09-22 09:47:39,45ms,cd3b9dfacc96473181fb0699b69f973a,United Kingdom.AA.test.8,LOCAL,codrift5.py,marabots,FINISHED,False,True,True,False,0,0,1,0,0,0,0,0,0,0,False,False,"(0, 1, 0)","(0, 0, 0, 0)",0,False,False,False,n,1,5871.0625,0.09322097184641388,0.9445591926156154,9078.14921425342,test,8,AA,adwin,United Kingdom
2022-09-22 09:47:39,45ms,ec181cdbeb79456199ebf8a255d24fc1,United Kingdom.AA.test.7,LOCAL,codrift5.py,marabots,FINISHED,False,True,True,False,0,0,1,0,0,0,0,0,0,0,False,False,"(0, 1, 0)","(0, 0, 0, 0)",0,False,False,False,n,1,5871.0625,0.09322097184641388,0.9445591926156154,9078.14921425342,test,7,AA,adwin,United Kingdom
2022-09-22 09:47:38,46ms,c80141061ea74a8dbe9924d0018b944a,United Kingdom.AA.test.6,LOCAL,codrift5.py,marabots,FINISHED,False,True,True,False,0,0,1,0,0,0,0,0,0,0,False,False,"(0, 1, 0)","(0, 0, 0, 0)",0,False,False,False,n,1,5871.0625,0.09322097184641388,0.9445591926156154,9078.14921425342,test,6,AA,adwin,United Kingdom
2022-09-22 09:47:38,45ms,f512bf29496f4f1181e5706416d9a593,United Kingdom.AA.test.5,LOCAL,codrift5.py,marabots,FINISHED,False,True,True,False,0,0,1,0,1,1,0,0,0,0,False,False,"(0, 1, 1)","(0, 0, 0, 0)",0,False,False,False,n,1,6126.086877757778,0.09302779027370349,0.9359806756547773,9755.242883779381,test,5,AA,adwin,United Kingdom
2022-09-22 09:47:38,49ms,e1d04b3bd6274c28a9fcb587583a1e0d,United Kingdom.AA.test.4,LOCAL,codrift5.py,marabots,FINISHED,False,True,True,False,2,2,1,0,0,0,0,0,0,0,False,False,"(2, 1, 0)","(0, 0, 0, 0)",0,False,False,False,n,1,8251.93795846223,0.11301481802168539,0.8659671597339407,14115.23633475169,test,4,AA,adwin,United Kingdom
2022-09-22 09:47:38,45ms,581a1f63aa0e4431b7f52238bcbf10d7,United Kingdom.AA.test.3,LOCAL,codrift5.py,marabots,FINISHED,False,True,True,False,0,0,1,0,1,1,0,0,0,0,False,False,"(0, 1, 1)","(0, 0, 0, 0)",0,False,False,False,n,1,9065.15230641199,0.11528455372491166,0.8427737698688904,15287.80182423379,test,3,AA,adwin,United Kingdom
2022-09-22 09:47:38,45ms,d72dc6fc548b4bfcbd75bdb81a99d8bc,United Kingdom.AA.test.2,LOCAL,codrift5.py,marabots,FINISHED,False,True,True,False,0,0,1,0,0,0,0,0,0,0,False,False,"(0, 1, 0)","(0, 0, 0, 0)",0,False,False,False,n,1,5871.0625,0.09322097184641388,0.9445591926156154,9078.14921425342,test,2,AA,adwin,United Kingdom
2022-09-22 09:47:38,45ms,b9e0372d366348f691da2aec8fe6b138,United Kingdom.AA.test.1,LOCAL,codrift5.py,marabots,FINISHED,False,True,True,False,0,0,1,0,0,0,0,0,0,0,False,False,"(0, 1, 0)","(0, 0, 0, 0)",0,False,False,False,n,1,5871.0625,0.09322097184641388,0.9445591926156154,9078.14921425342,test,1,AA,adwin,United Kingdom
2022-09-22 09:47:38,47ms,6efcceb863fe4531b388bff5eaf9bbbc,United Kingdom.AA.test.0,LOCAL,codrift5.py,marabots,FINISHED,False,True,True,False,0,0,1,0,0,0,0,0,0,0,False,False,"(0, 1, 0)","(0, 0, 0, 0)",0,False,False,False,n,1,5871.0625,0.09322097184641387,0.9445591926156154,9078.14921425342,test,0,AA,adwin,United Kingdom
2022-09-22 09:47:23,15.9s,055c2495074a4e4a8fa7093dc6b75b16,United Kingdom.AA.test,LOCAL,codrift5.py,marabots,FINISHED,,,,,,,,,,,,,,,,,,,,,,,,,,,,,,,,,
2022-09-22 09:47:19,45ms,0496528ae24d4322a78f9c63abb11c0d,US.AA.test.13,LOCAL,codrift5.py,marabots,FINISHED,False,True,True,False,0,0,1,0,1,1,0,0,0,0,False,False,"(0, 1, 1)","(0, 0, 0, 0)",0,False,False,False,n,1,61521.00481457651,0.5151046042280301,0.4131876839451617,91581.93945699757,test,13,AA,adwin,US
2022-09-22 09:47:19,45ms,a01c9d650cf147a5aa5be019ed5b70db,US.AA.test.12,LOCAL,codrift5.py,marabots,FINISHED,False,True,True,False,0,0,1,0,1,1,0,0,0,0,False,False,"(0, 1, 1)","(0, 0, 0, 0)",0,False,False,False,n,1,72967.98597556804,0.513072943420697,0.04750002372517892,116679.003966582,test,12,AA,adwin,US
2022-09-22 09:47:19,51ms,c13c190168b24d38a90a6d3326b59b3b,US.AA.test.11,LOCAL,codrift5.py,marabots,FINISHED,False,True,True,False,0,0,1,0,1,1,0,0,0,0,False,False,"(0, 1, 1)","(0, 0, 0, 0)",0,False,False,False,n,1,55487.811771817476,0.5191030308589553,0.5579461139624721,79487.31600644332,test,11,AA,adwin,US
2022-09-22 09:47:19,45ms,595d4ec68a204411bf9d95127bafa6e6,US.AA.test.10,LOCAL,codrift5.py,marabots,FINISHED,False,True,True,False,0,0,1,0,1,1,0,0,0,0,False,False,"(0, 1, 1)","(0, 0, 0, 0)",0,False,False,False,n,1,56952.99510522193,0.5178493059180033,0.5253957655695541,82361.83815869322,test,10,AA,adwin,US
2022-09-22 09:47:19,45ms,91f35d269b1a4b1aacd2f3e363e0ac60,US.AA.test.9,LOCAL,codrift5.py,marabots,FINISHED,False,True,True,False,0,0,1,0,0,0,0,0,0,0,False,False,"(0, 1, 0)","(0, 0, 0, 0)",0,False,False,False,n,1,58634.78125,0.5494550892515471,0.5490082977360082,80286.86535246596,test,9,AA,adwin,US
2022-09-22 09:47:19,45ms,54636dadcecd47fcb835e70e5125ee13,US.AA.test.8,LOCAL,codrift5.py,marabots,FINISHED,False,True,True,False,2,2,1,0,1,1,0,0,0,0,False,False,"(2, 1, 1)","(0, 0, 0, 0)",0,False,False,False,n,1,54136.71817996819,0.5075739551014395,0.5991682181855882,75690.48725046034,test,8,AA,adwin,US
2022-09-22 09:47:19,45ms,f92118f80ccf4051be5d4562959948bd,US.AA.test.7,LOCAL,codrift5.py,marabots,FINISHED,False,True,True,False,1,1,1,0,1,1,0,0,0,0,False,False,"(1, 1, 1)","(0, 0, 0, 0)",0,False,False,False,n,1,69437.96476270663,0.8106103179159374,0.49909877283245296,84612.8403774204,test,7,AA,adwin,US
2022-09-22 09:47:19,45ms,4894636bc9e843afadb13e18f54e809d,US.AA.test.6,LOCAL,codrift5.py,marabots,FINISHED,False,True,True,False,0,0,1,0,0,0,0,0,0,0,False,False,"(0, 1, 0)","(0, 0, 0, 0)",0,False,False,False,n,1,58634.78125,0.5494550892515471,0.5490082977360082,80286.86535246596,test,6,AA,adwin,US
2022-09-22 09:47:19,44ms,f0d75bbed24a45aca01d0dac3a509430,US.AA.test.5,LOCAL,codrift5.py,marabots,FINISHED,False,True,True,False,0,0,1,0,0,0,0,0,0,0,False,False,"(0, 1, 0)","(0, 0, 0, 0)",0,False,False,False,n,1,58634.78125,0.5494550892515471,0.5490082977360082,80286.86535246596,test,5,AA,adwin,US
2022-09-22 09:47:09,9.7s,fb02d2502cfc40dba89a40f162e86f4e,US.AA.test,LOCAL,codrift5.py,marabots,FINISHED,,,,,,,,,,,,,,,,,,,,,,,,,,,,,,,,,
2022-09-22 09:47:19,54ms,688e3aff6675453cb9a509caa19978d8,US.AA.test.4,LOCAL,codrift5.py,marabots,FINISHED,False,True,True,False,1,1,1,0,1,1,0,0,0,0,False,False,"(1, 1, 1)","(0, 0, 0, 0)",0,False,False,False,n,1,50504.72915573807,0.50467403000844,0.6240741649192134,73301.23855871588,test,4,AA,adwin,US
2022-09-22 09:47:19,44ms,d3a8194b2b72408987509d66cbdf6d5e,US.AA.test.3,LOCAL,codrift5.py,marabots,FINISHED,False,True,True,False,0,0,1,0,0,0,0,0,0,0,False,False,"(0, 1, 0)","(0, 0, 0, 0)",0,False,False,False,n,1,58634.78125,0.5494550892515471,0.5490082977360082,80286.86535246596,test,3,AA,adwin,US
2022-09-22 09:47:18,45ms,156c3020008f45e9a55bccac07f60d35,US.AA.test.2,LOCAL,codrift5.py,marabots,FINISHED,False,True,True,False,1,1,1,0,1,1,0,0,0,0,False,False,"(1, 1, 1)","(0, 0, 0, 0)",0,False,False,False,n,1,53113.84851920193,0.5162860081864308,0.6091239728751754,74744.58657367792,test,2,AA,adwin,US
2022-09-22 09:47:18,46ms,a66dcce2aaf347e3b65ae64016ef0199,US.AA.test.1,LOCAL,codrift5.py,marabots,FINISHED,False,True,True,False,0,0,1,0,0,0,0,0,0,0,False,False,"(0, 1, 0)","(0, 0, 0, 0)",0,False,False,False,n,1,58634.78125,0.5494550892515471,0.5490082977360082,80286.86535246596,test,1,AA,adwin,US
2022-09-22 09:47:18,46ms,6980e8eb3cb44d6f802598399d597201,US.AA.test.0,LOCAL,codrift5.py,marabots,FINISHED,False,True,True,False,0,0,1,0,0,0,0,0,0,0,False,False,"(0, 1, 0)","(0, 0, 0, 0)",0,False,False,False,n,1,58634.78125,0.5494550892515471,0.5490082977360082,80286.86535246596,test,0,AA,adwin,US
2022-09-22 09:47:05,44ms,73fde54927734e0599213ec6c33fc9d5,Mexico.AA.test.13,LOCAL,codrift5.py,marabots,FINISHED,False,True,True,False,0,0,1,0,1,1,0,0,0,0,False,False,"(0, 1, 1)","(0, 0, 0, 0)",0,False,False,False,n,1,2114.5505115836177,0.6682776685775945,-0.05876858450925382,3002.874293484359,test,13,AA,adwin,Mexico
2022-09-22 09:47:05,53ms,cc57f2e4434b4ae49dda3ef15223c9bc,Mexico.AA.test.12,LOCAL,codrift5.py,marabots,FINISHED,False,True,True,False,0,0,1,0,0,0,0,0,0,0,False,False,"(0, 1, 0)","(0, 0, 0, 0)",0,False,False,False,n,1,3008.515625,0.9042743154558547,-0.6912960062727924,3795.302884405275,test,12,AA,adwin,Mexico
2022-09-22 09:47:05,44ms,2b7c08f0b0b34e34bbd065b23424be09,Mexico.AA.test.11,LOCAL,codrift5.py,marabots,FINISHED,False,True,True,False,2,2,1,0,1,1,0,0,0,0,False,False,"(2, 1, 1)","(0, 0, 0, 0)",0,False,False,False,n,1,2694.0667570479322,0.850056028164837,-0.4584618204932813,3524.3916300216183,test,11,AA,adwin,Mexico
2022-09-22 09:47:05,44ms,4c8cd36046f44ffd9d3a1ee0108541a8,Mexico.AA.test.10,LOCAL,codrift5.py,marabots,FINISHED,False,True,True,False,3,3,1,0,1,1,0,0,0,0,False,False,"(3, 1, 1)","(0, 0, 0, 0)",0,False,False,False,n,1,2197.5122885324026,0.7164634082698647,-0.09949155700275991,3060.078575158674,test,10,AA,adwin,Mexico
2022-09-22 09:47:05,44ms,65046dc5fe954b1489bd89656b7011b2,Mexico.AA.test.9,LOCAL,codrift5.py,marabots,FINISHED,False,True,True,False,2,2,1,0,0,0,0,0,0,0,False,False,"(2, 1, 0)","(0, 0, 0, 0)",0,False,False,False,n,1,3519.776178247659,1.1606029362547265,-1.62973588147366,4732.522581627681,test,9,AA,adwin,Mexico
2022-09-22 09:47:05,43ms,5eed8fdfbce6462285de598f1e8c074d,Mexico.AA.test.8,LOCAL,codrift5.py,marabots,FINISHED,False,True,True,False,2,2,1,0,3,3,0,0,0,0,False,False,"(2, 1, 3)","(0, 0, 0, 0)",0,False,False,False,n,1,2009.5509305372002,0.4651684621485878,0.04049216576422543,2858.649379743826,test,8,AA,adwin,Mexico
2022-09-22 09:47:05,43ms,778ed48fb35f4e59836634a4c5003173,Mexico.AA.test.7,LOCAL,codrift5.py,marabots,FINISHED,False,True,True,False,0,0,1,0,0,0,0,0,0,0,False,False,"(0, 1, 0)","(0, 0, 0, 0)",0,False,False,False,n,1,3008.515625,0.9042743154558547,-0.6912960062727924,3795.302884405275,test,7,AA,adwin,Mexico
2022-09-22 09:47:05,43ms,c5d2cfe05c1d4926b061b057ac88810f,Mexico.AA.test.6,LOCAL,codrift5.py,marabots,FINISHED,False,True,True,False,0,0,1,0,0,0,0,0,0,0,False,False,"(0, 1, 0)","(0, 0, 0, 0)",0,False,False,False,n,1,3008.515625,0.9042743154558546,-0.6912960062727924,3795.302884405275,test,6,AA,adwin,Mexico
2022-09-22 09:47:05,49ms,c234786280f644228eaa0dcc556cd8a8,Mexico.AA.test.5,LOCAL,codrift5.py,marabots,FINISHED,False,True,True,False,0,0,1,0,2,2,0,0,0,0,False,False,"(0, 1, 2)","(0, 0, 0, 0)",0,False,False,False,n,1,2625.1523450041814,0.8556422188296927,-0.4310352919810265,3491.096077178951,test,5,AA,adwin,Mexico
2022-09-22 09:47:05,43ms,0d05792da2ff41028f204b59d364efdb,Mexico.AA.test.4,LOCAL,codrift5.py,marabots,FINISHED,False,True,True,False,0,0,1,0,0,0,0,0,0,0,False,False,"(0, 1, 0)","(0, 0, 0, 0)",0,False,False,False,n,1,3008.515625,0.9042743154558547,-0.6912960062727924,3795.302884405275,test,4,AA,adwin,Mexico
2022-09-22 09:47:05,43ms,f02e73c04e864a4a9b5e46d6bef2b28f,Mexico.AA.test.3,LOCAL,codrift5.py,marabots,FINISHED,False,True,True,False,0,0,1,0,0,0,0,0,0,0,False,False,"(0, 1, 0)","(0, 0, 0, 0)",0,False,False,False,n,1,3008.515625,0.9042743154558547,-0.6912960062727924,3795.302884405275,test,3,AA,adwin,Mexico
2022-09-22 09:47:05,44ms,90296c1173464cabb1241a3d53ccbcb9,Mexico.AA.test.2,LOCAL,codrift5.py,marabots,FINISHED,False,True,True,False,1,1,1,0,0,0,0,0,0,0,False,False,"(1, 1, 0)","(0, 0, 0, 0)",0,False,False,False,n,1,2746.41953851681,0.7764528791722385,-0.3751284460452713,3422.2226539629264,test,2,AA,adwin,Mexico
2022-09-22 09:47:05,44ms,929afa91391a422abfb7134fea836142,Mexico.AA.test.1,LOCAL,codrift5.py,marabots,FINISHED,False,True,True,False,2,2,1,0,0,0,0,0,0,0,False,False,"(2, 1, 0)","(0, 0, 0, 0)",0,False,False,False,n,1,2689.826730274755,0.7820598506444721,-0.40487244137995626,3459.035948262852,test,1,AA,adwin,Mexico
2022-09-22 09:47:05,46ms,6a37cd548853495490ecf17bc7de1515,Mexico.AA.test.0,LOCAL,codrift5.py,marabots,FINISHED,False,True,True,False,1,1,1,0,2,2,0,0,0,0,False,False,"(1, 1, 2)","(0, 0, 0, 0)",0,False,False,False,n,1,4154.4999796119155,1.6362330335388537,-2.1189584873594676,5153.964538073175,test,0,AA,adwin,Mexico
2022-09-22 09:46:46,19.6s,77a4bcfec488400e884ec1779fd98165,Mexico.AA.test,LOCAL,codrift5.py,marabots,FINISHED,,,,,,,,,,,,,,,,,,,,,,,,,,,,,,,,,
2022-09-22 09:46:42,51ms,718c83b00d7e4ca2b63858812828ccca,Brazil.AA.test.12,LOCAL,codrift5.py,marabots,FINISHED,False,True,True,False,0,0,1,0,0,0,0,0,0,0,False,False,"(0, 1, 0)","(0, 0, 0, 0)",0,False,False,False,n,1,2284.34375,0.3536196956644776,0.41622472490047413,3065.921323599156,test,12,AA,adwin,Brazil
2022-09-22 09:46:42,44ms,d3f9380dbe6342abb1566671aff4d2e8,Brazil.AA.test.11,LOCAL,codrift5.py,marabots,FINISHED,False,True,True,False,2,2,1,0,2,2,0,0,0,0,False,False,"(2, 1, 2)","(0, 0, 0, 0)",0,False,False,False,n,1,2204.6242256717105,0.3619599952487601,0.5410738186426718,2718.3762968147466,test,11,AA,adwin,Brazil
2022-09-22 09:46:42,44ms,db4a02e1e3e74cadb5ef57f0a698793e,Brazil.AA.test.10,LOCAL,codrift5.py,marabots,FINISHED,False,True,True,False,2,2,1,0,2,2,0,0,0,0,False,False,"(2, 1, 2)","(0, 0, 0, 0)",0,False,False,False,n,1,3455.4703779620177,0.8211122973199211,-0.12846646801527561,4262.677599393694,test,10,AA,adwin,Brazil
2022-09-22 09:46:41,45ms,b88ad98233534b958cb3694ad343a453,Brazil.AA.test.9,LOCAL,codrift5.py,marabots,FINISHED,False,True,True,False,0,0,1,0,0,0,0,0,0,0,False,False,"(0, 1, 0)","(0, 0, 0, 0)",0,False,False,False,n,1,2284.34375,0.35361969566447765,0.41622472490047413,3065.921323599156,test,9,AA,adwin,Brazil
2022-09-22 09:46:41,45ms,ff874169a19242b9ad7622c7c18f4134,Brazil.AA.test.8,LOCAL,codrift5.py,marabots,FINISHED,False,True,True,False,1,1,1,0,1,1,0,0,0,0,False,False,"(1, 1, 1)","(0, 0, 0, 0)",0,False,False,False,n,1,2251.335366053451,0.39467994778675863,0.446955915747687,2984.132021865151,test,8,AA,adwin,Brazil
2022-09-22 09:46:41,44ms,854e0463bbf142a4b58292ed5c45de72,Brazil.AA.test.7,LOCAL,codrift5.py,marabots,FINISHED,False,True,True,False,0,0,1,0,0,0,0,0,0,0,False,False,"(0, 1, 0)","(0, 0, 0, 0)",0,False,False,False,n,1,2284.34375,0.3536196956644776,0.41622472490047413,3065.921323599156,test,7,AA,adwin,Brazil
2022-09-22 09:46:41,44ms,3314fffa76a9473fa300328626100711,Brazil.AA.test.6,LOCAL,codrift5.py,marabots,FINISHED,False,True,True,False,2,2,1,0,3,3,0,0,0,0,False,False,"(2, 1, 3)","(0, 0, 0, 0)",0,False,False,False,n,1,1897.755353748535,0.3373294883093988,0.6385540461651863,2412.4584440667777,test,6,AA,adwin,Brazil
2022-09-22 09:46:41,52ms,25921280328643c2a034e00437381c2e,Brazil.AA.test.5,LOCAL,codrift5.py,marabots,FINISHED,False,True,True,False,2,2,1,0,2,2,0,0,0,0,False,False,"(2, 1, 2)","(0, 0, 0, 0)",0,False,False,False,n,1,2139.716420090387,0.38640505044309315,0.5729392442803909,2622.3037107494374,test,5,AA,adwin,Brazil
2022-09-22 09:46:41,45ms,cfe8db830e9d4b85a395b2813ca71fa6,Brazil.AA.test.4,LOCAL,codrift5.py,marabots,FINISHED,False,True,True,False,2,2,1,0,1,1,0,0,0,0,False,False,"(2, 1, 1)","(0, 0, 0, 0)",0,False,False,False,n,1,2819.631771584037,0.6253157860311047,0.33377942298001284,3275.270537285476,test,4,AA,adwin,Brazil
2022-09-22 09:46:41,44ms,33c2ab1873664c649e1471d213f761fc,Brazil.AA.test.3,LOCAL,codrift5.py,marabots,FINISHED,False,True,True,False,0,0,1,0,0,0,0,0,0,0,False,False,"(0, 1, 0)","(0, 0, 0, 0)",0,False,False,False,n,1,2284.34375,0.35361969566447765,0.41622472490047413,3065.921323599156,test,3,AA,adwin,Brazil
2022-09-22 09:46:41,44ms,28be2d6c91ef4f519d220c4903acfaff,Brazil.AA.test.2,LOCAL,codrift5.py,marabots,FINISHED,False,True,True,False,2,2,1,0,1,1,0,0,0,0,False,False,"(2, 1, 1)","(0, 0, 0, 0)",0,False,False,False,n,1,2959.3953991950234,0.5616905298246324,0.22100623346187054,3541.6459908386196,test,2,AA,adwin,Brazil
2022-09-22 09:46:41,44ms,bb676db35fc44c9bb786ee89bc16393d,Brazil.AA.test.1,LOCAL,codrift5.py,marabots,FINISHED,False,True,True,False,0,0,1,0,0,0,0,0,0,0,False,False,"(0, 1, 0)","(0, 0, 0, 0)",0,False,False,False,n,1,2284.34375,0.35361969566447765,0.41622472490047413,3065.921323599156,test,1,AA,adwin,Brazil
2022-09-22 09:46:41,46ms,b2f0466834db4d43919a0670121e6abd,Brazil.AA.test.0,LOCAL,codrift5.py,marabots,FINISHED,False,True,True,False,5,5,1,0,2,2,0,0,0,0,False,False,"(5, 1, 2)","(0, 0, 0, 0)",0,False,False,False,n,1,2175.3457139108423,0.35183598342499256,0.5233999009601461,2770.2261306977675,test,0,AA,adwin,Brazil
2022-09-22 09:46:21,21.0s,67abb9feb4de44bf8b5c1815c29fa894,Brazil.AA.test,LOCAL,codrift5.py,marabots,FINISHED,,,,,,,,,,,,,,,,,,,,,,,,,,,,,,,,,
2022-09-22 10:31:08,199ms,aa02685e17b442408f953fa5e5bf6a54,Spain.AA.test.8,LOCAL,codrift5.py,marabots,FINISHED,False,True,True,False,7,7,1,0,1,1,0,0,0,0,False,False,"(7, 1, 1)","(0, 0, 0, 0)",0,False,False,False,n,1,11736.426550327906,0.3488658522531651,0.5814654243411161,24936.95995088206,test,8,AA,adwin,Spain
2022-09-22 10:31:08,199ms,e387c1c2d4cc49a4bc52ca386d322620,Spain.AA.test.7,LOCAL,codrift5.py,marabots,FINISHED,False,True,True,False,1,1,1,0,2,2,0,0,0,0,False,False,"(1, 1, 2)","(0, 0, 0, 0)",0,False,False,False,n,1,18828.029064525297,0.6129679182900988,0.09641302152466591,36640.62043408823,test,7,AA,adwin,Spain
2022-09-22 10:31:07,200ms,c10f3a73c5a74e489d2cd492a074316f,Spain.AA.test.6,LOCAL,codrift5.py,marabots,FINISHED,False,True,True,False,7,7,1,0,6,6,0,0,0,0,False,False,"(7, 1, 6)","(0, 0, 0, 0)",0,False,False,False,n,1,12538.349768732758,0.36024905254601486,0.5934823273842603,24576.359564554692,test,6,AA,adwin,Spain
2022-09-22 10:31:07,200ms,eb942f4137fd484186361d0da4bda9f1,Spain.AA.test.5,LOCAL,codrift5.py,marabots,FINISHED,False,True,True,False,2,2,1,0,2,2,0,0,0,0,False,False,"(2, 1, 2)","(0, 0, 0, 0)",0,False,False,False,n,1,18116.547452405488,0.6173628240106561,0.11857856906816266,36188.421492722395,test,5,AA,adwin,Spain
2022-09-22 10:31:07,200ms,8516ec8089bd403e98b901b13782e707,Spain.AA.test.4,LOCAL,codrift5.py,marabots,FINISHED,False,True,True,False,1,1,1,0,2,2,0,0,0,0,False,False,"(1, 1, 2)","(0, 0, 0, 0)",0,False,False,False,n,1,21631.38952697472,0.7748278755998776,-0.1834266767761783,41932.28361506258,test,4,AA,adwin,Spain
2022-09-22 10:31:07,200ms,64952c20acf34e86b37226522f0ad0c4,Spain.AA.test.3,LOCAL,codrift5.py,marabots,FINISHED,False,True,True,False,2,2,1,0,1,1,0,0,0,0,False,False,"(2, 1, 1)","(0, 0, 0, 0)",0,False,False,False,n,1,19857.272496234582,0.6323806503834482,0.05738170287416766,37423.61786542435,test,3,AA,adwin,Spain
2022-09-22 10:31:06,200ms,a1596967fad84673bc9d9f16dc3f8376,Spain.AA.test.2,LOCAL,codrift5.py,marabots,FINISHED,False,True,True,False,2,2,1,0,1,1,0,0,0,0,False,False,"(2, 1, 1)","(0, 0, 0, 0)",0,False,False,False,n,1,19556.951250969367,0.5528842560606049,0.12591306047823614,36037.541262220824,test,2,AA,adwin,Spain
2022-09-22 10:31:06,200ms,1999402f37604364a32f3ac5629287fe,Spain.AA.test.1,LOCAL,codrift5.py,marabots,FINISHED,False,True,True,False,0,0,1,0,1,1,0,0,0,0,False,False,"(0, 1, 1)","(0, 0, 0, 0)",0,False,False,False,n,1,17060.41677072045,0.4722122822795322,0.23714884075108766,33666.48242437101,test,1,AA,adwin,Spain
2022-09-22 10:31:06,220ms,a5991ed53def4301837c0258606798c0,Spain.AA.test.0,LOCAL,codrift5.py,marabots,FINISHED,False,True,True,False,2,2,1,0,4,4,0,0,0,0,False,False,"(2, 1, 4)","(0, 0, 0, 0)",0,False,False,False,n,1,17677.59842939811,0.3937516864281591,0.0573852209204202,37423.54802902194,test,0,AA,adwin,Spain
2022-09-22 10:29:55,1.2min,d6fea31d15ef4de8934531f12dcd35fe,Spain.AA.test,LOCAL,codrift5.py,marabots,FINISHED,,,,,,,,,,,,,,,,,,,,,,,,,,,,,,,,,
2022-09-22 10:29:51,201ms,4cf716d591464583b8d8551310cab8c6,Qatar.AA.test.12,LOCAL,codrift5.py,marabots,FINISHED,False,True,True,False,3,3,1,0,0,0,0,0,0,0,False,False,"(3, 1, 0)","(0, 0, 0, 0)",0,False,False,False,n,1,23.327073913316436,0.09531339371450595,0.7524762841891539,51.51174422505008,test,12,AA,adwin,Qatar
2022-09-22 10:29:51,201ms,15cc037e46714f4b8425e15aabec3a37,Qatar.AA.test.11,LOCAL,codrift5.py,marabots,FINISHED,False,True,True,False,2,2,1,0,0,0,0,0,0,0,False,False,"(2, 1, 0)","(0, 0, 0, 0)",0,False,False,False,n,1,21.813845583284458,0.08931111336861292,0.7763445777588016,48.965203460581144,test,11,AA,adwin,Qatar
2022-09-22 10:29:50,201ms,25cd00fa92e34c2e91ed32347fdf59ae,Qatar.AA.test.10,LOCAL,codrift5.py,marabots,FINISHED,False,True,True,False,2,2,1,0,0,0,0,0,0,0,False,False,"(2, 1, 0)","(0, 0, 0, 0)",0,False,False,False,n,1,20.32179371043797,0.08813889109044046,0.8305237885260774,42.623805479978486,test,10,AA,adwin,Qatar
2022-09-22 10:29:50,201ms,da1034e5944a4c249dae90bea002c10a,Qatar.AA.test.9,LOCAL,codrift5.py,marabots,FINISHED,False,True,True,False,0,0,1,0,0,0,0,0,0,0,False,False,"(0, 1, 0)","(0, 0, 0, 0)",0,False,False,False,n,1,17.28125,0.08219759817319543,0.8927794923762239,33.902894419208515,test,9,AA,adwin,Qatar
2022-09-22 10:29:50,201ms,5972f56e2b5942d4995995a2ba42f12c,Qatar.AA.test.8,LOCAL,codrift5.py,marabots,FINISHED,False,True,True,False,0,0,1,0,2,2,0,0,0,0,False,False,"(0, 1, 2)","(0, 0, 0, 0)",0,False,False,False,n,1,29.233585601544807,0.12510119354134902,0.6524687915873792,61.03722110368432,test,8,AA,adwin,Qatar
2022-09-22 10:29:50,200ms,1d30c1fbfad649379d6d7a275b04624e,Qatar.AA.test.7,LOCAL,codrift5.py,marabots,FINISHED,False,True,True,False,2,2,1,0,0,0,0,0,0,0,False,False,"(2, 1, 0)","(0, 0, 0, 0)",0,False,False,False,n,1,15.917296563548334,0.07981922087552501,0.9130693110685754,30.527019800328414,test,7,AA,adwin,Qatar
2022-09-22 10:29:49,200ms,e0f09c8f0f0d44eda68233230778b226,Qatar.AA.test.6,LOCAL,codrift5.py,marabots,FINISHED,False,True,True,False,0,0,1,0,2,2,0,0,0,0,False,False,"(0, 1, 2)","(0, 0, 0, 0)",0,False,False,False,n,1,21.69177158775304,0.09505947079669513,0.7985013217079674,46.47655707063303,test,6,AA,adwin,Qatar
2022-09-22 10:29:49,201ms,e189e79efc1442aa8c7ce930b7da5e21,Qatar.AA.test.5,LOCAL,codrift5.py,marabots,FINISHED,False,True,True,False,0,0,1,0,1,1,0,0,0,0,False,False,"(0, 1, 1)","(0, 0, 0, 0)",0,False,False,False,n,1,26.7141605151018,0.10005750317245332,0.6314022100965014,62.85997603258711,test,5,AA,adwin,Qatar
2022-09-22 10:29:49,200ms,6d88aac962834868b0fbe254fcc024d4,Qatar.AA.test.4,LOCAL,codrift5.py,marabots,FINISHED,False,True,True,False,0,0,1,0,0,0,0,0,0,0,False,False,"(0, 1, 0)","(0, 0, 0, 0)",0,False,False,False,n,1,17.28125,0.08219759817319541,0.8927794923762239,33.902894419208515,test,4,AA,adwin,Qatar
2022-09-22 10:29:49,199ms,e3926fd4a6b34f40b8a5d02acbbd9b46,Qatar.AA.test.3,LOCAL,codrift5.py,marabots,FINISHED,False,True,True,False,0,0,1,0,1,1,0,0,0,0,False,False,"(0, 1, 1)","(0, 0, 0, 0)",0,False,False,False,n,1,22.228109041354465,0.08750172728358875,0.755540525360852,51.19190423221866,test,3,AA,adwin,Qatar
2022-09-22 10:29:49,199ms,288d0e440ec5463e82f3d5e1ac0c8f4a,Qatar.AA.test.2,LOCAL,codrift5.py,marabots,FINISHED,False,True,True,False,1,1,1,0,0,0,0,0,0,0,False,False,"(1, 1, 0)","(0, 0, 0, 0)",0,False,False,False,n,1,17.874643845020586,0.07925670504710211,0.8653833760922,37.9880669672358,test,2,AA,adwin,Qatar
2022-09-22 10:29:48,202ms,ffdce5b26a8b4adfa1e59ae4ec6a86e3,Qatar.AA.test.1,LOCAL,codrift5.py,marabots,FINISHED,False,True,True,False,0,0,1,0,1,1,0,0,0,0,False,False,"(0, 1, 1)","(0, 0, 0, 0)",0,False,False,False,n,1,17.955497895501388,0.08027428601920611,0.8680515885445057,37.60970532306683,test,1,AA,adwin,Qatar
2022-09-22 10:29:48,206ms,66675aaeccd14cc5bf0326c17f3dec08,Qatar.AA.test.0,LOCAL,codrift5.py,marabots,FINISHED,False,True,True,False,1,1,1,0,2,2,0,0,0,0,False,False,"(1, 1, 2)","(0, 0, 0, 0)",0,False,False,False,n,1,20.655660372872045,0.09435247337020893,0.8317343102018193,42.471307656365354,test,0,AA,adwin,Qatar
2022-09-22 10:29:34,17.1s,c404087dca5f4ec9afdbfd48071bce09,Qatar.AA.test,LOCAL,codrift5.py,marabots,FINISHED,,,,,,,,,,,,,,,,,,,,,,,,,,,,,,,,,
2022-09-22 10:29:30,202ms,bfd43e2c366e4a2096347bbbd2e71a90,Portugal.AA.test.13,LOCAL,codrift5.py,marabots,FINISHED,False,True,True,False,0,0,1,0,0,0,0,0,0,0,False,False,"(0, 1, 0)","(0, 0, 0, 0)",0,False,False,False,n,1,1371.265625,0.32366753761383943,0.8497846580832246,2371.3438535722735,test,13,AA,adwin,Portugal
2022-09-22 10:29:29,202ms,18cae93b4392466bba7ba6ff01e8d7c0,Portugal.AA.test.12,LOCAL,codrift5.py,marabots,FINISHED,False,True,True,False,0,0,1,0,0,0,0,0,0,0,False,False,"(0, 1, 0)","(0, 0, 0, 0)",0,False,False,False,n,1,1371.265625,0.32366753761383943,0.8497846580832246,2371.3438535722735,test,12,AA,adwin,Portugal
2022-09-22 10:29:29,202ms,ee4f2a0520474a928c556b944335c3c7,Portugal.AA.test.11,LOCAL,codrift5.py,marabots,FINISHED,False,True,True,False,0,0,1,0,0,0,0,0,0,0,False,False,"(0, 1, 0)","(0, 0, 0, 0)",0,False,False,False,n,1,1371.265625,0.32366753761383943,0.8497846580832246,2371.3438535722735,test,11,AA,adwin,Portugal
2022-09-22 10:29:29,203ms,8eb0eed6dfbc4c83b1b07ecc26edba7e,Portugal.AA.test.10,LOCAL,codrift5.py,marabots,FINISHED,False,True,True,False,0,0,1,0,0,0,0,0,0,0,False,False,"(0, 1, 0)","(0, 0, 0, 0)",0,False,False,False,n,1,1371.265625,0.32366753761383943,0.8497846580832246,2371.3438535722735,test,10,AA,adwin,Portugal
2022-09-22 10:29:29,202ms,7fde7f751b22425980e3bd869439092f,Portugal.AA.test.9,LOCAL,codrift5.py,marabots,FINISHED,False,True,True,False,4,4,1,0,5,5,0,0,0,0,False,False,"(4, 1, 5)","(0, 0, 0, 0)",0,False,False,False,n,1,1185.7383889161154,0.2323605958170867,0.8037112678936055,2710.722573687125,test,9,AA,adwin,Portugal
2022-09-22 10:29:28,202ms,745eb2caa79d4b79a446fc597b40d5ff,Portugal.AA.test.8,LOCAL,codrift5.py,marabots,FINISHED,False,True,True,False,0,0,1,0,0,0,0,0,0,0,False,False,"(0, 1, 0)","(0, 0, 0, 0)",0,False,False,False,n,1,1371.265625,0.3236675376138394,0.8497846580832246,2371.3438535722735,test,8,AA,adwin,Portugal
2022-09-22 10:29:28,202ms,58ec5a38dd87430ab1ef2f80d06435da,Portugal.AA.test.7,LOCAL,codrift5.py,marabots,FINISHED,False,True,True,False,0,0,1,0,0,0,0,0,0,0,False,False,"(0, 1, 0)","(0, 0, 0, 0)",0,False,False,False,n,1,1371.265625,0.3236675376138395,0.8497846580832246,2371.3438535722735,test,7,AA,adwin,Portugal
2022-09-22 10:29:28,205ms,a337f6a21e2f41099c4c4ee5c9965541,Portugal.AA.test.6,LOCAL,codrift5.py,marabots,FINISHED,False,True,True,False,0,0,1,0,0,0,0,0,0,0,False,False,"(0, 1, 0)","(0, 0, 0, 0)",0,False,False,False,n,1,1371.265625,0.32366753761383943,0.8497846580832246,2371.3438535722735,test,6,AA,adwin,Portugal
2022-09-22 10:29:28,201ms,68e8ec7feb794db19f3840f5ee8c3632,Portugal.AA.test.5,LOCAL,codrift5.py,marabots,FINISHED,False,True,True,False,2,2,1,0,3,3,0,0,0,0,False,False,"(2, 1, 3)","(0, 0, 0, 0)",0,False,False,False,n,1,1261.5635712736146,0.2891872093825528,0.8422688889584857,2429.9429016131685,test,5,AA,adwin,Portugal
2022-09-22 10:29:28,218ms,4c0f13a503764e16b1f452417cb86fab,Portugal.AA.test.4,LOCAL,codrift5.py,marabots,FINISHED,False,True,True,False,1,1,1,0,1,1,0,0,0,0,False,False,"(1, 1, 1)","(0, 0, 0, 0)",0,False,False,False,n,1,1530.4220144810224,0.30099078808125695,0.7516649158658805,3048.993001111734,test,4,AA,adwin,Portugal
2022-09-22 10:29:27,201ms,e1091ed54c924a9e96b15262b81a3213,Portugal.AA.test.3,LOCAL,codrift5.py,marabots,FINISHED,False,True,True,False,0,0,1,0,2,2,0,0,0,0,False,False,"(0, 1, 2)","(0, 0, 0, 0)",0,False,False,False,n,1,1504.4401291242148,0.29385989744578733,0.76011176135959,2996.690322590845,test,3,AA,adwin,Portugal
2022-09-22 10:29:27,201ms,e8cf0abac0a344f8be99149d66f1b25e,Portugal.AA.test.2,LOCAL,codrift5.py,marabots,FINISHED,False,True,True,False,1,1,1,0,1,1,0,0,0,0,False,False,"(1, 1, 1)","(0, 0, 0, 0)",0,False,False,False,n,1,1710.3780484784006,0.30442251620322125,0.6573873245540968,3581.2867889706545,test,2,AA,adwin,Portugal
2022-09-22 10:29:27,201ms,8fcbccc0f6aa4ffcb9b1fa46a69726e1,Portugal.AA.test.1,LOCAL,codrift5.py,marabots,FINISHED,False,True,True,False,0,0,1,0,0,0,0,0,0,0,False,False,"(0, 1, 0)","(0, 0, 0, 0)",0,False,False,False,n,1,1371.265625,0.3236675376138394,0.8497846580832246,2371.3438535722735,test,1,AA,adwin,Portugal
2022-09-22 10:29:27,207ms,065e9f7a2d074f26a9858445d9833cf5,Portugal.AA.test.0,LOCAL,codrift5.py,marabots,FINISHED,False,True,True,False,0,0,1,0,1,1,0,0,0,0,False,False,"(0, 1, 1)","(0, 0, 0, 0)",0,False,False,False,n,1,1648.2666639931094,0.31450232919451143,0.6886878419083073,3413.7792049558825,test,0,AA,adwin,Portugal
2022-09-22 10:29:03,26.6s,4c366161e26848e7af5d225a921b8a1f,Portugal.AA.test,LOCAL,codrift5.py,marabots,FINISHED,,,,,,,,,,,,,,,,,,,,,,,,,,,,,,,,,
2022-09-22 10:28:59,201ms,9c80a3c0a3e140ef9523882e17b76721,Japan.AA.test.12,LOCAL,codrift5.py,marabots,FINISHED,False,True,True,False,0,0,1,0,3,3,0,0,0,0,False,False,"(0, 1, 3)","(0, 0, 0, 0)",0,False,False,False,n,1,59.95671678348006,0.5139865306981535,0.29069612191384675,70.19186554046547,test,12,AA,adwin,Japan
2022-09-22 10:28:59,202ms,3f74a96a292f459baa03f333a231a82d,Japan.AA.test.11,LOCAL,codrift5.py,marabots,FINISHED,False,True,True,False,0,0,1,0,0,0,0,0,0,0,False,False,"(0, 1, 0)","(0, 0, 0, 0)",0,False,False,False,n,1,40.515625,0.31827501518451906,0.5809363521919028,53.95238062402807,test,11,AA,adwin,Japan
2022-09-22 10:28:59,202ms,79965d8f95de403cb41ca791e468febe,Japan.AA.test.10,LOCAL,codrift5.py,marabots,FINISHED,False,True,True,False,2,2,1,0,3,3,0,0,0,0,False,False,"(2, 1, 3)","(0, 0, 0, 0)",0,False,False,False,n,1,41.95991842258,0.33590991200764053,0.5967127849382432,52.92706910351538,test,10,AA,adwin,Japan
2022-09-22 10:28:58,203ms,6f0a14b858e4435fa1eff04465f4047e,Japan.AA.test.9,LOCAL,codrift5.py,marabots,FINISHED,False,True,True,False,2,2,1,0,3,3,0,0,0,0,False,False,"(2, 1, 3)","(0, 0, 0, 0)",0,False,False,False,n,1,48.81590541296744,0.34993978786581326,0.49529977337220865,59.20895114168302,test,9,AA,adwin,Japan
2022-09-22 10:28:58,202ms,7e047dc8b6c243f1b23cf1790e003601,Japan.AA.test.8,LOCAL,codrift5.py,marabots,FINISHED,False,True,True,False,2,2,1,0,1,1,0,0,0,0,False,False,"(2, 1, 1)","(0, 0, 0, 0)",0,False,False,False,n,1,41.847489564103405,0.3265650447295287,0.6036089388760146,52.47259519463924,test,8,AA,adwin,Japan
2022-09-22 10:28:58,201ms,493082a70e954116b780d39e756bd527,Japan.AA.test.7,LOCAL,codrift5.py,marabots,FINISHED,False,True,True,False,0,0,1,0,1,1,0,0,0,0,False,False,"(0, 1, 1)","(0, 0, 0, 0)",0,False,False,False,n,1,43.892900397667475,0.34631767354086385,0.5133465987421426,58.140732559507725,test,7,AA,adwin,Japan
2022-09-22 10:28:58,201ms,68148de2a3fe461398da432e5ac102b3,Japan.AA.test.6,LOCAL,codrift5.py,marabots,FINISHED,False,True,True,False,0,0,1,0,0,0,0,0,0,0,False,False,"(0, 1, 0)","(0, 0, 0, 0)",0,False,False,False,n,1,40.515625,0.31827501518451906,0.5809363521919028,53.95238062402807,test,6,AA,adwin,Japan
2022-09-22 10:28:57,203ms,ae65a55522c041de84a38b818abeceae,Japan.AA.test.5,LOCAL,codrift5.py,marabots,FINISHED,False,True,True,False,2,2,1,0,2,2,0,0,0,0,False,False,"(2, 1, 2)","(0, 0, 0, 0)",0,False,False,False,n,1,37.604860890870526,0.2914144157624119,0.6429686934574232,49.79936070270112,test,5,AA,adwin,Japan
2022-09-22 10:28:57,204ms,1dbdb794f9f84d7b8a042e7e2cab575a,Japan.AA.test.4,LOCAL,codrift5.py,marabots,FINISHED,False,True,True,False,0,0,1,0,0,0,0,0,0,0,False,False,"(0, 1, 0)","(0, 0, 0, 0)",0,False,False,False,n,1,40.515625,0.31827501518451906,0.5809363521919028,53.95238062402807,test,4,AA,adwin,Japan
2022-09-22 10:28:57,202ms,0c1cc765ce764cbaa3234ec6c836cba3,Japan.AA.test.3,LOCAL,codrift5.py,marabots,FINISHED,False,True,True,False,0,0,1,0,0,0,0,0,0,0,False,False,"(0, 1, 0)","(0, 0, 0, 0)",0,False,False,False,n,1,40.515625,0.31827501518451906,0.5809363521919028,53.95238062402807,test,3,AA,adwin,Japan
2022-09-22 10:28:57,201ms,7a4f57dc83a745e9914b0fc17f602d99,Japan.AA.test.2,LOCAL,codrift5.py,marabots,FINISHED,False,True,True,False,2,2,1,0,2,2,0,0,0,0,False,False,"(2, 1, 2)","(0, 0, 0, 0)",0,False,False,False,n,1,37.72057942273645,0.2914589438481718,0.6433079121304869,49.775697669274486,test,2,AA,adwin,Japan
2022-09-22 10:28:57,202ms,13138cb4ebdb4d618529148bd5eea255,Japan.AA.test.1,LOCAL,codrift5.py,marabots,FINISHED,False,True,True,False,0,0,1,0,0,0,0,0,0,0,False,False,"(0, 1, 0)","(0, 0, 0, 0)",0,False,False,False,n,1,40.515625,0.31827501518451906,0.5809363521919028,53.95238062402807,test,1,AA,adwin,Japan
2022-09-22 10:28:56,205ms,f1efd46e84d94ace94becd9425d33197,Japan.AA.test.0,LOCAL,codrift5.py,marabots,FINISHED,False,True,True,False,1,1,1,0,1,1,0,0,0,0,False,False,"(1, 1, 1)","(0, 0, 0, 0)",0,False,False,False,n,1,39.80008167500463,0.30914973655054545,0.6147194856737936,51.73198469999431,test,0,AA,adwin,Japan
2022-09-22 10:28:36,23.2s,42c97b8b06414ec290008f6a5d853304,Japan.AA.test,LOCAL,codrift5.py,marabots,FINISHED,,,,,,,,,,,,,,,,,,,,,,,,,,,,,,,,,
2022-09-22 10:28:32,201ms,645a00bba6ba4ed690783fcc87ce8d20,Italy.AA.test.13,LOCAL,codrift5.py,marabots,FINISHED,False,True,True,False,0,0,1,0,0,0,0,0,0,0,False,False,"(0, 1, 0)","(0, 0, 0, 0)",0,False,False,False,n,1,4768.9375,0.22191265917190256,0.8757111199900748,9345.008015646643,test,13,AA,adwin,Italy
2022-09-22 10:28:32,202ms,7bbacc2bdc5542298b167971196c6350,Italy.AA.test.12,LOCAL,codrift5.py,marabots,FINISHED,False,True,True,False,0,0,1,0,0,0,0,0,0,0,False,False,"(0, 1, 0)","(0, 0, 0, 0)",0,False,False,False,n,1,4768.9375,0.22191265917190256,0.8757111199900748,9345.008015646643,test,12,AA,adwin,Italy
2022-09-22 10:28:31,205ms,e95713c86588428b8e0cb8724a0e3838,Italy.AA.test.11,LOCAL,codrift5.py,marabots,FINISHED,False,True,True,False,0,0,1,0,0,0,0,0,0,0,False,False,"(0, 1, 0)","(0, 0, 0, 0)",0,False,False,False,n,1,4768.9375,0.22191265917190256,0.8757111199900748,9345.008015646643,test,11,AA,adwin,Italy
2022-09-22 10:28:31,202ms,b91df25a05454822a14f4db9f774537f,Italy.AA.test.10,LOCAL,codrift5.py,marabots,FINISHED,False,True,True,False,0,0,1,0,0,0,0,0,0,0,False,False,"(0, 1, 0)","(0, 0, 0, 0)",0,False,False,False,n,1,4768.9375,0.22191265917190256,0.8757111199900748,9345.008015646643,test,10,AA,adwin,Italy
2022-09-22 10:28:31,203ms,09d808c7c48d45cb9d93cecf7221eb52,Italy.AA.test.9,LOCAL,codrift5.py,marabots,FINISHED,False,True,True,False,0,0,1,0,0,0,0,0,0,0,False,False,"(0, 1, 0)","(0, 0, 0, 0)",0,False,False,False,n,1,4768.9375,0.22191265917190256,0.8757111199900748,9345.008015646643,test,9,AA,adwin,Italy
2022-09-22 10:28:31,202ms,1704a78eb3714b408a8f9875010bda07,Italy.AA.test.8,LOCAL,codrift5.py,marabots,FINISHED,False,True,True,False,0,0,1,0,0,0,0,0,0,0,False,False,"(0, 1, 0)","(0, 0, 0, 0)",0,False,False,False,n,1,4768.9375,0.22191265917190256,0.8757111199900748,9345.008015646643,test,8,AA,adwin,Italy
2022-09-22 10:28:31,203ms,5939ff9ec31c44eebb88e70ec93ce6d2,Italy.AA.test.7,LOCAL,codrift5.py,marabots,FINISHED,False,True,True,False,0,0,1,0,0,0,0,0,0,0,False,False,"(0, 1, 0)","(0, 0, 0, 0)",0,False,False,False,n,1,4768.9375,0.22191265917190256,0.8757111199900748,9345.008015646643,test,7,AA,adwin,Italy
2022-09-22 10:28:30,204ms,6ec720365caf4dd588049cffe8e0ee69,Italy.AA.test.6,LOCAL,codrift5.py,marabots,FINISHED,False,True,True,False,0,0,1,0,0,0,0,0,0,0,False,False,"(0, 1, 0)","(0, 0, 0, 0)",0,False,False,False,n,1,4768.9375,0.22191265917190256,0.8757111199900748,9345.008015646643,test,6,AA,adwin,Italy
2022-09-22 10:28:30,202ms,6b22c41dff5d4a859699bdac9c0791f2,Italy.AA.test.5,LOCAL,codrift5.py,marabots,FINISHED,False,True,True,False,0,0,1,0,0,0,0,0,0,0,False,False,"(0, 1, 0)","(0, 0, 0, 0)",0,False,False,False,n,1,4768.9375,0.22191265917190256,0.8757111199900748,9345.008015646643,test,5,AA,adwin,Italy
2022-09-22 10:28:30,202ms,e360f7666db84d37b3a97f896124174f,Italy.AA.test.4,LOCAL,codrift5.py,marabots,FINISHED,False,True,True,False,0,0,1,0,0,0,0,0,0,0,False,False,"(0, 1, 0)","(0, 0, 0, 0)",0,False,False,False,n,1,4768.9375,0.22191265917190256,0.8757111199900748,9345.008015646643,test,4,AA,adwin,Italy
2022-09-22 10:28:30,203ms,3f2f47b3f18b41f78ba7ffc7bb5f18fb,Italy.AA.test.3,LOCAL,codrift5.py,marabots,FINISHED,False,True,True,False,0,0,1,0,0,0,0,0,0,0,False,False,"(0, 1, 0)","(0, 0, 0, 0)",0,False,False,False,n,1,4768.9375,0.22191265917190256,0.8757111199900748,9345.008015646643,test,3,AA,adwin,Italy
2022-09-22 10:28:29,203ms,7cce9e449f7e4f848c9517a5c8eb1efe,Italy.AA.test.2,LOCAL,codrift5.py,marabots,FINISHED,False,True,True,False,0,0,1,0,1,1,0,0,0,0,False,False,"(0, 1, 1)","(0, 0, 0, 0)",0,False,False,False,n,1,7915.97914466389,0.27825646622509054,0.5789947831717535,17199.16170256157,test,2,AA,adwin,Italy
2022-09-22 10:28:29,201ms,ab7fa0c5f51440daa45cc66e26c4fc45,Italy.AA.test.1,LOCAL,codrift5.py,marabots,FINISHED,False,True,True,False,0,0,1,0,0,0,0,0,0,0,False,False,"(0, 1, 0)","(0, 0, 0, 0)",0,False,False,False,n,1,4768.9375,0.22191265917190256,0.8757111199900748,9345.008015646643,test,1,AA,adwin,Italy
2022-09-22 10:28:29,209ms,67103e6598b74b2eb538c9c716fb3f51,Italy.AA.test.0,LOCAL,codrift5.py,marabots,FINISHED,False,True,True,False,0,0,1,0,0,0,0,0,0,0,False,False,"(0, 1, 0)","(0, 0, 0, 0)",0,False,False,False,n,1,4768.9375,0.22191265917190256,0.8757111199900748,9345.008015646643,test,0,AA,adwin,Italy
2022-09-22 10:28:21,11.3s,226816a2651541b7a429fd322613fffb,Italy.AA.test,LOCAL,codrift5.py,marabots,FINISHED,,,,,,,,,,,,,,,,,,,,,,,,,,,,,,,,,
2022-09-22 10:28:17,204ms,a29320f954ac48d8be4c8f38d887fa9f,Israel.AA.test.12,LOCAL,codrift5.py,marabots,FINISHED,False,True,True,False,4,4,1,0,0,0,0,0,0,0,False,False,"(4, 1, 0)","(0, 0, 0, 0)",0,False,False,False,n,1,405.3135026099233,0.46377947484629256,0.5110141168069122,711.4670086801234,test,12,AA,adwin,Israel
2022-09-22 10:28:16,202ms,bb5c0ec150564f18869a1ba0e9817ce1,Israel.AA.test.11,LOCAL,codrift5.py,marabots,FINISHED,False,True,True,False,0,0,1,0,1,1,0,0,0,0,False,False,"(0, 1, 1)","(0, 0, 0, 0)",0,False,False,False,n,1,359.1201329369251,0.3664939465638833,0.5692081698188085,667.7906511970045,test,11,AA,adwin,Israel
2022-09-22 10:28:16,202ms,5c26be4d422646a49ad91782af7009a3,Israel.AA.test.10,LOCAL,codrift5.py,marabots,FINISHED,False,True,True,False,0,0,1,0,4,4,0,0,0,0,False,False,"(0, 1, 4)","(0, 0, 0, 0)",0,False,False,False,n,1,540.3175482504978,0.728834780611105,0.325176516553053,835.7987153127154,test,10,AA,adwin,Israel
2022-09-22 10:28:16,201ms,90c0f5f1ff324889b06196118740e3fb,Israel.AA.test.9,LOCAL,codrift5.py,marabots,FINISHED,False,True,True,False,0,0,1,0,1,1,0,0,0,0,False,False,"(0, 1, 1)","(0, 0, 0, 0)",0,False,False,False,n,1,443.725254643539,0.40595932933144446,0.3499830090248909,820.2929141554445,test,9,AA,adwin,Israel
2022-09-22 10:28:16,200ms,9ea383904a994cdf93d41f8b3e958cab,Israel.AA.test.8,LOCAL,codrift5.py,marabots,FINISHED,False,True,True,False,2,2,1,0,2,2,0,0,0,0,False,False,"(2, 1, 2)","(0, 0, 0, 0)",0,False,False,False,n,1,538.27615466353,0.6416372817815466,0.39289330959815316,792.7552284841123,test,8,AA,adwin,Israel
2022-09-22 10:28:15,200ms,3f7832df64344634802941cba7117104,Israel.AA.test.7,LOCAL,codrift5.py,marabots,FINISHED,False,True,True,False,0,0,1,0,1,1,0,0,0,0,False,False,"(0, 1, 1)","(0, 0, 0, 0)",0,False,False,False,n,1,358.6090114648439,0.36796602414685986,0.5846514729670267,655.7117150435636,test,7,AA,adwin,Israel
2022-09-22 10:28:15,199ms,ed8bb8d7f8b54a09a730b1de13677259,Israel.AA.test.6,LOCAL,codrift5.py,marabots,FINISHED,False,True,True,False,0,0,1,0,0,0,0,0,0,0,False,False,"(0, 1, 0)","(0, 0, 0, 0)",0,False,False,False,n,1,376.265625,0.3848107041514281,0.48722919575341717,728.5649100286123,test,6,AA,adwin,Israel
2022-09-22 10:28:15,201ms,34127516151f49ffa9719c432295d0f3,Israel.AA.test.5,LOCAL,codrift5.py,marabots,FINISHED,False,True,True,False,0,0,1,0,1,1,0,0,0,0,False,False,"(0, 1, 1)","(0, 0, 0, 0)",0,False,False,False,n,1,358.53763901639064,0.3679590435620229,0.5851462975004071,655.3210083036181,test,5,AA,adwin,Israel
2022-09-22 10:28:15,199ms,2d1107ba33084ba2a91f588fb1be89b2,Israel.AA.test.4,LOCAL,codrift5.py,marabots,FINISHED,False,True,True,False,0,0,1,0,1,1,0,0,0,0,False,False,"(0, 1, 1)","(0, 0, 0, 0)",0,False,False,False,n,1,358.65531681612526,0.36861207510172833,0.5848287060715169,655.5718009529018,test,4,AA,adwin,Israel
2022-09-22 10:28:15,199ms,0aac55b444364869a3925311620f105c,Israel.AA.test.3,LOCAL,codrift5.py,marabots,FINISHED,False,True,True,False,2,2,1,0,1,1,0,0,0,0,False,False,"(2, 1, 1)","(0, 0, 0, 0)",0,False,False,False,n,1,473.73513847431025,0.5354253932849564,0.3287778331949721,833.565536957794,test,3,AA,adwin,Israel
2022-09-22 10:28:14,221ms,b7c58860fc1c492e8c3214ad538b3b07,Israel.AA.test.2,LOCAL,codrift5.py,marabots,FINISHED,False,True,True,False,2,2,1,0,2,2,0,0,0,0,False,False,"(2, 1, 2)","(0, 0, 0, 0)",0,False,False,False,n,1,431.6257193826614,0.5391117824268873,0.4873129641895486,728.5053968548976,test,2,AA,adwin,Israel
2022-09-22 10:28:14,200ms,f22fae42a08f4127bce4766b3e4fa3aa,Israel.AA.test.1,LOCAL,codrift5.py,marabots,FINISHED,False,True,True,False,0,0,1,0,0,0,0,0,0,0,False,False,"(0, 1, 0)","(0, 0, 0, 0)",0,False,False,False,n,1,376.265625,0.3848107041514281,0.48722919575341717,728.5649100286123,test,1,AA,adwin,Israel
2022-09-22 10:28:14,204ms,e98639281b654aa78b9cb9e13768a035,Israel.AA.test.0,LOCAL,codrift5.py,marabots,FINISHED,False,True,True,False,0,0,1,0,1,1,0,0,0,0,False,False,"(0, 1, 1)","(0, 0, 0, 0)",0,False,False,False,n,1,358.4680701961535,0.3685433656924715,0.5804581903568291,659.0133753844724,test,0,AA,adwin,Israel
2022-09-22 10:27:55,22.2s,f08ca942d93746e59a829de8fb37416a,Israel.AA.test,LOCAL,codrift5.py,marabots,FINISHED,,,,,,,,,,,,,,,,,,,,,,,,,,,,,,,,,
2022-09-22 10:27:50,199ms,c5fa028f849f40ab9bb354c15aa237a9,Iran.AA.test.14,LOCAL,codrift5.py,marabots,FINISHED,False,True,True,False,0,0,1,0,0,0,0,0,0,0,False,False,"(0, 1, 0)","(0, 0, 0, 0)",0,False,False,False,n,1,655.21875,0.1736285669421354,0.8676213159093894,946.4629879187036,test,14,AA,adwin,Iran
2022-09-22 10:27:50,199ms,3b8f006959064afc8fc7ef46c54e20dd,Iran.AA.test.13,LOCAL,codrift5.py,marabots,FINISHED,False,True,True,False,2,2,1,0,2,2,0,0,0,0,False,False,"(2, 1, 2)","(0, 0, 0, 0)",0,False,False,False,n,1,777.3477023741125,0.206032868433841,0.8528763059575873,997.7825762619257,test,13,AA,adwin,Iran
2022-09-22 10:27:50,199ms,f70096365dc34db0b72c510efdcade3d,Iran.AA.test.12,LOCAL,codrift5.py,marabots,FINISHED,False,True,True,False,0,0,1,0,0,0,0,0,0,0,False,False,"(0, 1, 0)","(0, 0, 0, 0)",0,False,False,False,n,1,655.21875,0.1736285669421354,0.8676213159093894,946.4629879187036,test,12,AA,adwin,Iran
2022-09-22 10:27:50,198ms,4c76ec6124894e08b7684786f4a53ade,Iran.AA.test.11,LOCAL,codrift5.py,marabots,FINISHED,False,True,True,False,2,2,1,0,1,1,0,0,0,0,False,False,"(2, 1, 1)","(0, 0, 0, 0)",0,False,False,False,n,1,493.11670570265005,0.14387140286693756,0.8961624392230166,838.2466843071691,test,11,AA,adwin,Iran
2022-09-22 10:27:50,198ms,a5639d341f904836b61a34540d11eb82,Iran.AA.test.10,LOCAL,codrift5.py,marabots,FINISHED,False,True,True,False,0,0,1,0,0,0,0,0,0,0,False,False,"(0, 1, 0)","(0, 0, 0, 0)",0,False,False,False,n,1,655.21875,0.17362856694213544,0.8676213159093894,946.4629879187036,test,10,AA,adwin,Iran
2022-09-22 10:27:49,199ms,ee46806a58744eb29bfd4c154174492c,Iran.AA.test.9,LOCAL,codrift5.py,marabots,FINISHED,False,True,True,False,0,0,1,0,1,1,0,0,0,0,False,False,"(0, 1, 1)","(0, 0, 0, 0)",0,False,False,False,n,1,657.3288148563886,0.17801598511949548,0.8599602668720618,973.4647784293179,test,9,AA,adwin,Iran
2022-09-22 10:27:49,199ms,668c95ab9b07491ab40fef90942f6b39,Iran.AA.test.8,LOCAL,codrift5.py,marabots,FINISHED,False,True,True,False,0,0,1,0,3,3,0,0,0,0,False,False,"(0, 1, 3)","(0, 0, 0, 0)",0,False,False,False,n,1,674.9971956816522,0.17446553472705403,0.8723753225651081,929.3128323861708,test,8,AA,adwin,Iran
2022-09-22 10:27:49,197ms,97f7628e9afb4b8f9bc7f3948dc1d2ed,Iran.AA.test.7,LOCAL,codrift5.py,marabots,FINISHED,False,True,True,False,0,0,1,0,0,0,0,0,0,0,False,False,"(0, 1, 0)","(0, 0, 0, 0)",0,False,False,False,n,1,655.21875,0.17362856694213544,0.8676213159093894,946.4629879187036,test,7,AA,adwin,Iran
2022-09-22 10:27:49,198ms,49c9ed126a35479383edaf0ff271af2d,Iran.AA.test.6,LOCAL,codrift5.py,marabots,FINISHED,False,True,True,False,1,1,1,0,2,2,0,0,0,0,False,False,"(1, 1, 2)","(0, 0, 0, 0)",0,False,False,False,n,1,832.4674132509991,0.20512533458254498,0.8315046420624551,1067.7967032602064,test,6,AA,adwin,Iran
2022-09-22 10:27:48,200ms,94e807586f264f0895a69c5976b5f38c,Iran.AA.test.5,LOCAL,codrift5.py,marabots,FINISHED,False,True,True,False,0,0,1,0,0,0,0,0,0,0,False,False,"(0, 1, 0)","(0, 0, 0, 0)",0,False,False,False,n,1,655.21875,0.17362856694213544,0.8676213159093894,946.4629879187036,test,5,AA,adwin,Iran
2022-09-22 10:27:48,199ms,b0be1e781f93427ea85fd6ccd535c010,Iran.AA.test.4,LOCAL,codrift5.py,marabots,FINISHED,False,True,True,False,1,1,1,0,0,0,0,0,0,0,False,False,"(1, 1, 0)","(0, 0, 0, 0)",0,False,False,False,n,1,654.0858525805819,0.17302068686335145,0.8671125031433451,948.2801633819769,test,4,AA,adwin,Iran
2022-09-22 10:27:48,197ms,4ff7b9e1e4d94aa0859fc897abd4f771,Iran.AA.test.3,LOCAL,codrift5.py,marabots,FINISHED,False,True,True,False,0,0,1,0,0,0,0,0,0,0,False,False,"(0, 1, 0)","(0, 0, 0, 0)",0,False,False,False,n,1,655.21875,0.1736285669421354,0.8676213159093894,946.4629879187036,test,3,AA,adwin,Iran
2022-09-22 10:27:48,197ms,8945d3c46918490b8e11328eca00839e,Iran.AA.test.2,LOCAL,codrift5.py,marabots,FINISHED,False,True,True,False,0,0,1,0,0,0,0,0,0,0,False,False,"(0, 1, 0)","(0, 0, 0, 0)",0,False,False,False,n,1,655.21875,0.1736285669421354,0.8676213159093894,946.4629879187036,test,2,AA,adwin,Iran
2022-09-22 10:27:48,198ms,cdd19330398647e48c032cb550c2477c,Iran.AA.test.1,LOCAL,codrift5.py,marabots,FINISHED,False,True,True,False,0,0,1,0,0,0,0,0,0,0,False,False,"(0, 1, 0)","(0, 0, 0, 0)",0,False,False,False,n,1,655.21875,0.1736285669421354,0.8676213159093894,946.4629879187037,test,1,AA,adwin,Iran
2022-09-22 10:27:47,200ms,a844e15521ad41d094092b382bea79b1,Iran.AA.test.0,LOCAL,codrift5.py,marabots,FINISHED,False,True,True,False,0,0,1,0,2,2,0,0,0,0,False,False,"(0, 1, 2)","(0, 0, 0, 0)",0,False,False,False,n,1,640.1739499612752,0.18343664543042631,0.8735792779021287,924.9190804299956,test,0,AA,adwin,Iran
2022-09-22 10:27:33,17.5s,9de2cf27cede4ba08b7b2377a01017b9,Iran.AA.test,LOCAL,codrift5.py,marabots,FINISHED,,,,,,,,,,,,,,,,,,,,,,,,,,,,,,,,,
2022-09-22 10:27:29,205ms,b4f1a1a6661e43e0ab70ba4cd61e3afc,Germany.AA.test.13,LOCAL,codrift5.py,marabots,FINISHED,False,True,True,False,2,2,1,0,2,2,0,0,0,0,False,False,"(2, 1, 2)","(0, 0, 0, 0)",0,False,False,False,n,1,8544.792295221552,0.2786952293387096,0.6801438236246365,10375.274299703296,test,13,AA,adwin,Germany
2022-09-22 10:27:29,208ms,c48339da3f6141e6b17acc5bc0c9d517,Germany.AA.test.12,LOCAL,codrift5.py,marabots,FINISHED,False,True,True,False,0,0,1,0,0,0,0,0,0,0,False,False,"(0, 1, 0)","(0, 0, 0, 0)",0,False,False,False,n,1,10592.890625,0.31096358833476345,0.5239106917536587,12658.03904330663,test,12,AA,adwin,Germany
2022-09-22 10:27:06,23.1s,b26a4c59ffcf4df8b07ace037eae4ea4,Germany.AA.test,LOCAL,codrift5.py,marabots,FINISHED,,,,,,,,,,,,,,,,,,,,,,,,,,,,,,,,,
2022-09-22 10:27:28,203ms,6cc93b281e064c50ab2c05851f07a932,Germany.AA.test.11,LOCAL,codrift5.py,marabots,FINISHED,False,True,True,False,2,2,1,0,0,0,0,0,0,0,False,False,"(2, 1, 0)","(0, 0, 0, 0)",0,False,False,False,n,1,8838.644768203561,0.2599610767406536,0.6416651721379922,10981.627977876737,test,11,AA,adwin,Germany
2022-09-22 10:27:28,206ms,6eb1ad00202249779a380b22845034c8,Germany.AA.test.10,LOCAL,codrift5.py,marabots,FINISHED,False,True,True,False,0,0,1,0,1,1,0,0,0,0,False,False,"(0, 1, 1)","(0, 0, 0, 0)",0,False,False,False,n,1,8696.512169155441,0.2492308904216954,0.6516806966887179,10827.071086732944,test,10,AA,adwin,Germany
2022-09-22 10:27:28,206ms,6fe9908aab3046fc992cfa53d195e474,Germany.AA.test.9,LOCAL,codrift5.py,marabots,FINISHED,False,True,True,False,5,5,1,0,0,0,0,0,0,0,False,False,"(5, 1, 0)","(0, 0, 0, 0)",0,False,False,False,n,1,5562.196835431092,0.15471486734949258,0.8428975797978071,7271.326642275843,test,9,AA,adwin,Germany
2022-09-22 10:27:28,209ms,f82cd102c3224bc990f4b5627ba36b6e,Germany.AA.test.8,LOCAL,codrift5.py,marabots,FINISHED,False,True,True,False,2,2,1,0,3,3,0,0,0,0,False,False,"(2, 1, 3)","(0, 0, 0, 0)",0,False,False,False,n,1,6009.5319154745885,0.17454267822956798,0.8426021658968801,7278.159898314065,test,8,AA,adwin,Germany
2022-09-22 10:27:27,209ms,1c22ac2a2b2f4b7f8f41ca45e8d4a316,Germany.AA.test.7,LOCAL,codrift5.py,marabots,FINISHED,False,True,True,False,0,0,1,0,0,0,0,0,0,0,False,False,"(0, 1, 0)","(0, 0, 0, 0)",0,False,False,False,n,1,10592.890625,0.31096358833476345,0.5239106917536587,12658.03904330663,test,7,AA,adwin,Germany
2022-09-22 10:27:27,205ms,00647b6afe32455eb2df0d22615dfb17,Germany.AA.test.6,LOCAL,codrift5.py,marabots,FINISHED,False,True,True,False,0,0,1,0,1,1,0,0,0,0,False,False,"(0, 1, 1)","(0, 0, 0, 0)",0,False,False,False,n,1,8683.583813841678,0.24874402480079988,0.6522352952796322,10818.448150251825,test,6,AA,adwin,Germany
2022-09-22 10:27:27,206ms,c062e389f59b4da5a83a24b9cce5d5e8,Germany.AA.test.5,LOCAL,codrift5.py,marabots,FINISHED,False,True,True,False,0,0,1,0,0,0,0,0,0,0,False,False,"(0, 1, 0)","(0, 0, 0, 0)",0,False,False,False,n,1,10592.890625,0.31096358833476345,0.5239106917536587,12658.03904330663,test,5,AA,adwin,Germany
2022-09-22 10:27:27,204ms,2f513835b15e490f80546ab79339f539,Germany.AA.test.4,LOCAL,codrift5.py,marabots,FINISHED,False,True,True,False,0,0,1,0,0,0,0,0,0,0,False,False,"(0, 1, 0)","(0, 0, 0, 0)",0,False,False,False,n,1,10592.890625,0.31096358833476345,0.5239106917536587,12658.03904330663,test,4,AA,adwin,Germany
2022-09-22 10:27:26,209ms,3e01e4ea26ef488d938317d2aa3e96cf,Germany.AA.test.3,LOCAL,codrift5.py,marabots,FINISHED,False,True,True,False,0,0,1,0,0,0,0,0,0,0,False,False,"(0, 1, 0)","(0, 0, 0, 0)",0,False,False,False,n,1,10592.890625,0.31096358833476345,0.5239106917536587,12658.03904330663,test,3,AA,adwin,Germany
2022-09-22 10:27:26,209ms,569f53f8e6894a9ab6117d0088254fef,Germany.AA.test.2,LOCAL,codrift5.py,marabots,FINISHED,False,True,True,False,0,0,1,0,2,2,0,0,0,0,False,False,"(0, 1, 2)","(0, 0, 0, 0)",0,False,False,False,n,1,10199.77621136318,0.3142908303981754,0.5604402467788623,12162.733113472039,test,2,AA,adwin,Germany
2022-09-22 10:27:26,223ms,15419b3ab83c413a8b443f912284f391,Germany.AA.test.1,LOCAL,codrift5.py,marabots,FINISHED,False,True,True,False,0,0,1,0,0,0,0,0,0,0,False,False,"(0, 1, 0)","(0, 0, 0, 0)",0,False,False,False,n,1,10592.890625,0.31096358833476345,0.5239106917536587,12658.03904330663,test,1,AA,adwin,Germany
2022-09-22 10:27:26,211ms,ebb8c614d6344026aabe907096d7993e,Germany.AA.test.0,LOCAL,codrift5.py,marabots,FINISHED,False,True,True,False,2,2,1,0,2,2,0,0,0,0,False,False,"(2, 1, 2)","(0, 0, 0, 0)",0,False,False,False,n,1,7018.2563058091055,0.2119304833765025,0.7780569512647622,8642.571684460994,test,0,AA,adwin,Germany
2022-09-22 10:27:02,207ms,e02ce5b35ff24b35bc8d182fd2ef2317,France.AA.test.8,LOCAL,codrift5.py,marabots,FINISHED,False,True,True,False,3,3,1,0,2,2,0,0,0,0,False,False,"(3, 1, 2)","(0, 0, 0, 0)",0,False,False,False,n,1,23289.970336823568,0.7195390618172204,0.22450322253826027,42943.69764163028,test,8,AA,adwin,France
2022-09-22 10:27:01,211ms,3a18da0cb7404cb98589f9893cfffcbc,France.AA.test.7,LOCAL,codrift5.py,marabots,FINISHED,False,True,True,False,0,0,1,0,0,0,0,0,0,0,False,False,"(0, 1, 0)","(0, 0, 0, 0)",0,False,False,False,n,1,13012.453125,0.6394765036431624,0.7058997118502442,26445.827612486908,test,7,AA,adwin,France
2022-09-22 10:27:01,209ms,37f0dc4371c847129a5e10511ef20cf6,France.AA.test.6,LOCAL,codrift5.py,marabots,FINISHED,False,True,True,False,1,1,1,0,1,1,0,0,0,0,False,False,"(1, 1, 1)","(0, 0, 0, 0)",0,False,False,False,n,1,16837.614436549567,0.6205291158052217,0.6558497588278498,28607.735171152824,test,6,AA,adwin,France
2022-09-22 10:27:01,209ms,1e8a0f64249d455aa38efffeca8fcbeb,France.AA.test.5,LOCAL,codrift5.py,marabots,FINISHED,False,True,True,False,7,7,1,0,0,0,0,0,0,0,False,False,"(7, 1, 0)","(0, 0, 0, 0)",0,False,False,False,n,1,20233.458835709254,0.42185676477188455,0.2647903355079423,41813.35746870841,test,5,AA,adwin,France
2022-09-22 10:27:01,211ms,d0562a1db764420592953f32263e084b,France.AA.test.4,LOCAL,codrift5.py,marabots,FINISHED,False,True,True,False,0,0,1,0,0,0,0,0,0,0,False,False,"(0, 1, 0)","(0, 0, 0, 0)",0,False,False,False,n,1,13012.453125,0.6394765036431624,0.7058997118502442,26445.827612486908,test,4,AA,adwin,France
2022-09-22 10:27:00,203ms,a10cc36986b14196bad541eba7a572d3,France.AA.test.3,LOCAL,codrift5.py,marabots,FINISHED,False,True,True,False,0,0,1,0,0,0,0,0,0,0,False,False,"(0, 1, 0)","(0, 0, 0, 0)",0,False,False,False,n,1,13012.453125,0.6394765036431624,0.7058997118502442,26445.827612486908,test,3,AA,adwin,France
2022-09-22 10:27:00,203ms,193b0fb5dd144218875a170823337099,France.AA.test.2,LOCAL,codrift5.py,marabots,FINISHED,False,True,True,False,0,0,1,0,0,0,0,0,0,0,False,False,"(0, 1, 0)","(0, 0, 0, 0)",0,False,False,False,n,1,13012.453125,0.6394765036431624,0.7058997118502442,26445.827612486908,test,2,AA,adwin,France
2022-09-22 10:27:00,207ms,bb60b4ad5a6d406b8d33ab21818652d9,France.AA.test.1,LOCAL,codrift5.py,marabots,FINISHED,False,True,True,False,2,2,1,0,1,1,0,0,0,0,False,False,"(2, 1, 1)","(0, 0, 0, 0)",0,False,False,False,n,1,20236.39297711656,0.7078296400599995,0.5085087622789723,34187.498724660036,test,1,AA,adwin,France
2022-09-22 10:27:00,209ms,677e7b6390e04b1baf5315e646f60a29,France.AA.test.0,LOCAL,codrift5.py,marabots,FINISHED,False,True,True,False,3,3,1,0,2,2,0,0,0,0,False,False,"(3, 1, 2)","(0, 0, 0, 0)",0,False,False,False,n,1,24171.677116993134,0.9441260749866746,0.1861187902801129,43993.64526320598,test,0,AA,adwin,France
2022-09-22 10:26:43,18.7s,1b76a8ec6c9f417aab98959ba7f260f0,France.AA.test,LOCAL,codrift5.py,marabots,FINISHED,,,,,,,,,,,,,,,,,,,,,,,,,,,,,,,,,
2022-09-22 10:26:39,208ms,2dc98369391a41319f1621ddc70aa678,China.AA.test.5,LOCAL,codrift5.py,marabots,FINISHED,False,True,True,False,0,0,1,0,1,1,0,0,0,0,False,False,"(0, 1, 1)","(0, 0, 0, 0)",0,False,False,False,n,1,23.918310011851815,0.22928314920743012,0.5896265507682812,39.46109074223996,test,5,AA,adwin,China
2022-09-22 10:26:39,226ms,4c009dd6b80c44b98d58db317524aeb9,China.AA.test.4,LOCAL,codrift5.py,marabots,FINISHED,False,True,True,False,1,1,1,0,2,2,0,0,0,0,False,False,"(1, 1, 2)","(0, 0, 0, 0)",0,False,False,False,n,1,26.563219812004412,0.26705560138388296,0.4971968990736456,43.67957779320364,test,4,AA,adwin,China
2022-09-22 10:26:38,205ms,e4307c1a313044b89f22ef09e9f849ef,China.AA.test.3,LOCAL,codrift5.py,marabots,FINISHED,False,True,True,False,1,1,1,0,2,2,0,0,0,0,False,False,"(1, 1, 2)","(0, 0, 0, 0)",0,False,False,False,n,1,23.730187855060947,0.23471329291508986,0.5826343542557755,39.795852026792424,test,3,AA,adwin,China
2022-09-22 10:26:38,210ms,2a17b3c6f0ce4a24b27d02b24a875e77,China.AA.test.2,LOCAL,codrift5.py,marabots,FINISHED,False,True,True,False,2,2,1,0,3,3,0,0,0,0,False,False,"(2, 1, 3)","(0, 0, 0, 0)",0,False,False,False,n,1,27.482516480102102,0.2697515667287447,0.533977900238247,42.051618356902,test,2,AA,adwin,China
2022-09-22 10:26:38,201ms,9ee66fa1bc84422d89501d39e9887d13,China.AA.test.1,LOCAL,codrift5.py,marabots,FINISHED,False,True,True,False,0,0,1,0,1,1,0,0,0,0,False,False,"(0, 1, 1)","(0, 0, 0, 0)",0,False,False,False,n,1,33.96468211986994,0.34731704249975015,0.31388848987051,51.02427124797024,test,1,AA,adwin,China
2022-09-22 10:26:38,207ms,8b2cb4e46ee948dca13d31bfaf88e9c7,China.AA.test.0,LOCAL,codrift5.py,marabots,FINISHED,False,True,True,False,1,1,1,0,0,0,0,0,0,0,False,False,"(1, 1, 0)","(0, 0, 0, 0)",0,False,False,False,n,1,25.565866874455743,0.2377075483037316,0.5542116526515566,41.128589354374945,test,0,AA,adwin,China
2022-09-22 10:26:23,15.8s,d2b11bfaf472444eb38d2ee4f4ad16ad,China.AA.test,LOCAL,codrift5.py,marabots,FINISHED,,,,,,,,,,,,,,,,,,,,,,,,,,,,,,,,,
2022-09-22 10:26:19,203ms,31f4acebd3e143e0a98c7dc691537a2a,Canada.AA.test.14,LOCAL,codrift5.py,marabots,FINISHED,False,True,True,False,0,0,1,0,3,3,0,0,0,0,False,False,"(0, 1, 3)","(0, 0, 0, 0)",0,False,False,False,n,1,4340.323197520918,0.37610593175786244,0.3255695965728731,8939.046489678614,test,14,AA,adwin,Canada
2022-09-22 10:26:19,200ms,a9c4240e26134e0fae102a4e0d9b7fc3,Canada.AA.test.13,LOCAL,codrift5.py,marabots,FINISHED,False,True,True,False,3,3,1,0,0,0,0,0,0,0,False,False,"(3, 1, 0)","(0, 0, 0, 0)",0,False,False,False,n,1,2423.1304433290993,0.30313321514663216,0.7523722515818484,5416.544061047673,test,13,AA,adwin,Canada
2022-09-22 10:26:19,201ms,4eaf368a99e64e3b944a4a7cf5aa33c9,Canada.AA.test.12,LOCAL,codrift5.py,marabots,FINISHED,False,True,True,False,1,1,1,0,1,1,0,0,0,0,False,False,"(1, 1, 1)","(0, 0, 0, 0)",0,False,False,False,n,1,2204.517420316025,0.34820241972793287,0.8393157965955782,4363.241164569763,test,12,AA,adwin,Canada
2022-09-22 10:26:18,201ms,7bdbb1126ede427ab1b94651ae371c22,Canada.AA.test.11,LOCAL,codrift5.py,marabots,FINISHED,False,True,True,False,0,0,1,0,0,0,0,0,0,0,False,False,"(0, 1, 0)","(0, 0, 0, 0)",0,False,False,False,n,1,2143.65625,0.34222646640002974,0.8420099319126066,4326.508078837945,test,11,AA,adwin,Canada
2022-09-22 10:26:18,206ms,64a7929a4526482d8374f1d88b256939,Canada.AA.test.10,LOCAL,codrift5.py,marabots,FINISHED,False,True,True,False,2,2,1,0,2,2,0,0,0,0,False,False,"(2, 1, 2)","(0, 0, 0, 0)",0,False,False,False,n,1,1987.4052126065653,0.29762185343607883,0.8382930115582401,4377.105560637825,test,10,AA,adwin,Canada
2022-09-22 10:26:18,204ms,a1c81c05260c43a68925a338b8ddc8f2,Canada.AA.test.9,LOCAL,codrift5.py,marabots,FINISHED,False,True,True,False,3,3,1,0,0,0,0,0,0,0,False,False,"(3, 1, 0)","(0, 0, 0, 0)",0,False,False,False,n,1,2186.5375076043833,0.3021922866354622,0.8034003321193003,4826.296687121141,test,9,AA,adwin,Canada
2022-09-22 10:26:18,201ms,33bf774a4da4455690074384f2bdf94d,Canada.AA.test.8,LOCAL,codrift5.py,marabots,FINISHED,False,True,True,False,0,0,1,0,0,0,0,0,0,0,False,False,"(0, 1, 0)","(0, 0, 0, 0)",0,False,False,False,n,1,2143.65625,0.3422264664000298,0.8420099319126066,4326.508078837945,test,8,AA,adwin,Canada
2022-09-22 10:26:18,206ms,13e6e3f3939b4461b3c5034a2b92f8b7,Canada.AA.test.7,LOCAL,codrift5.py,marabots,FINISHED,False,True,True,False,0,0,1,0,0,0,0,0,0,0,False,False,"(0, 1, 0)","(0, 0, 0, 0)",0,False,False,False,n,1,2143.65625,0.34222646640002974,0.8420099319126066,4326.508078837945,test,7,AA,adwin,Canada
2022-09-22 10:26:17,204ms,c93c0d00807f41e9805d083bc1a4b480,Canada.AA.test.6,LOCAL,codrift5.py,marabots,FINISHED,False,True,True,False,2,2,1,0,1,1,0,0,0,0,False,False,"(2, 1, 1)","(0, 0, 0, 0)",0,False,False,False,n,1,2348.563888349613,0.3035653290080711,0.7737313899975709,5177.674926452181,test,6,AA,adwin,Canada
2022-09-22 10:26:17,203ms,b7addbdf905d466a80a62766d7848cc3,Canada.AA.test.5,LOCAL,codrift5.py,marabots,FINISHED,False,True,True,False,3,3,1,0,1,1,0,0,0,0,False,False,"(3, 1, 1)","(0, 0, 0, 0)",0,False,False,False,n,1,3169.620485124732,0.33403334460879464,0.626078298361582,6655.994610025826,test,5,AA,adwin,Canada
2022-09-22 10:26:17,203ms,7460e67a7a26415ba832a7ebbd570de6,Canada.AA.test.4,LOCAL,codrift5.py,marabots,FINISHED,False,True,True,False,3,3,1,0,0,0,0,0,0,0,False,False,"(3, 1, 0)","(0, 0, 0, 0)",0,False,False,False,n,1,2370.0378398727216,0.2987909548911756,0.7593066118801223,5340.1653688787555,test,4,AA,adwin,Canada
2022-09-22 10:26:17,201ms,da2d3f477e804a64afe3d3188381bedc,Canada.AA.test.3,LOCAL,codrift5.py,marabots,FINISHED,False,True,True,False,2,2,1,0,1,1,0,0,0,0,False,False,"(2, 1, 1)","(0, 0, 0, 0)",0,False,False,False,n,1,4447.552408587075,0.39123730782770466,0.24807496511684246,9438.650350540285,test,3,AA,adwin,Canada
2022-09-22 10:26:16,205ms,38608b9d34844902bfc6bb5a667fc094,Canada.AA.test.2,LOCAL,codrift5.py,marabots,FINISHED,False,True,True,False,3,3,1,0,2,2,0,0,0,0,False,False,"(3, 1, 2)","(0, 0, 0, 0)",0,False,False,False,n,1,2209.4569165415055,0.2728495733246946,0.781630924242352,5086.489986446981,test,2,AA,adwin,Canada
2022-09-22 10:26:16,204ms,0d48492317e8403996d5bfe09efe7654,Canada.AA.test.1,LOCAL,codrift5.py,marabots,FINISHED,False,True,True,False,1,1,1,0,0,0,0,0,0,0,False,False,"(1, 1, 0)","(0, 0, 0, 0)",0,False,False,False,n,1,2054.2781754250036,0.3096769596004224,0.8384755126831495,4374.634881383697,test,1,AA,adwin,Canada
2022-09-22 10:26:16,203ms,448d38c12b2d4244aa20ac0ef9a4edc0,Canada.AA.test.0,LOCAL,codrift5.py,marabots,FINISHED,False,True,True,False,1,1,1,0,0,0,0,0,0,0,False,False,"(1, 1, 0)","(0, 0, 0, 0)",0,False,False,False,n,1,2060.327368869023,0.30870801080166965,0.8348506658955979,4423.449151596387,test,0,AA,adwin,Canada
2022-09-22 10:25:51,28.0s,c49f20e361444feb8c13eedafeabe65d,Canada.AA.test,LOCAL,codrift5.py,marabots,FINISHED,,,,,,,,,,,,,,,,,,,,,,,,,,,,,,,,,
2022-09-22 10:25:47,200ms,024417c8b58f4369913aab22fa61ffea,Australia.AA.test.9,LOCAL,codrift5.py,marabots,FINISHED,False,True,True,False,0,0,1,0,0,0,0,0,0,0,False,False,"(0, 1, 0)","(0, 0, 0, 0)",0,False,False,False,n,1,702.453125,0.1367629334022702,0.909266300586628,1913.8772206244057,test,9,AA,adwin,Australia
2022-09-22 10:25:47,198ms,7d30e44846c1418394d2c1d3f60e7765,Australia.AA.test.8,LOCAL,codrift5.py,marabots,FINISHED,False,True,True,False,0,0,1,0,0,0,0,0,0,0,False,False,"(0, 1, 0)","(0, 0, 0, 0)",0,False,False,False,n,1,702.453125,0.1367629334022702,0.909266300586628,1913.8772206244057,test,8,AA,adwin,Australia
2022-09-22 10:25:47,199ms,de66d6ef899a4cd5aac64e6e644e71d5,Australia.AA.test.7,LOCAL,codrift5.py,marabots,FINISHED,False,True,True,False,2,2,1,0,3,3,0,0,0,0,False,False,"(2, 1, 3)","(0, 0, 0, 0)",0,False,False,False,n,1,707.5240527082481,0.16143700361406138,0.8998972710170375,2010.2622758709151,test,7,AA,adwin,Australia
2022-09-22 10:25:46,202ms,9b7f3d3efd534474ae96a2bd4b803c3d,Australia.AA.test.6,LOCAL,codrift5.py,marabots,FINISHED,False,True,True,False,2,2,1,0,1,1,0,0,0,0,False,False,"(2, 1, 1)","(0, 0, 0, 0)",0,False,False,False,n,1,1199.4202334327333,0.1913395150353272,0.7698977829521197,3047.825973482499,test,6,AA,adwin,Australia
2022-09-22 10:25:46,203ms,07094ac4add347c4a7d86c2623498322,Australia.AA.test.5,LOCAL,codrift5.py,marabots,FINISHED,False,True,True,False,0,0,1,0,0,0,0,0,0,0,False,False,"(0, 1, 0)","(0, 0, 0, 0)",0,False,False,False,n,1,702.453125,0.1367629334022702,0.909266300586628,1913.8772206244057,test,5,AA,adwin,Australia
2022-09-22 10:25:46,198ms,a6f83ae0b58544e488df92716703d8c6,Australia.AA.test.4,LOCAL,codrift5.py,marabots,FINISHED,False,True,True,False,1,1,1,0,2,2,0,0,0,0,False,False,"(1, 1, 2)","(0, 0, 0, 0)",0,False,False,False,n,1,1108.259502679452,0.18641585593923765,0.7874357460924868,2929.3743910056796,test,4,AA,adwin,Australia
2022-09-22 10:25:46,198ms,fd9b05c88542409c8f6e2c34fb5a5261,Australia.AA.test.3,LOCAL,codrift5.py,marabots,FINISHED,False,True,True,False,2,2,1,0,0,0,0,0,0,0,False,False,"(2, 1, 0)","(0, 0, 0, 0)",0,False,False,False,n,1,1248.8934883970715,0.22051724526320493,0.7394545991024731,3243.183112488357,test,3,AA,adwin,Australia
2022-09-22 10:25:46,198ms,2042554b3b6e4bd68d0b448624231bcd,Australia.AA.test.2,LOCAL,codrift5.py,marabots,FINISHED,False,True,True,False,0,0,1,0,0,0,0,0,0,0,False,False,"(0, 1, 0)","(0, 0, 0, 0)",0,False,False,False,n,1,702.453125,0.1367629334022702,0.909266300586628,1913.8772206244057,test,2,AA,adwin,Australia
2022-09-22 10:25:45,200ms,9b4a26e7828340099c7852c9e7b3e06d,Australia.AA.test.1,LOCAL,codrift5.py,marabots,FINISHED,False,True,True,False,0,0,1,0,1,1,0,0,0,0,False,False,"(0, 1, 1)","(0, 0, 0, 0)",0,False,False,False,n,1,1059.9221971446889,0.17811215758998103,0.8101357578781687,2768.543516564984,test,1,AA,adwin,Australia
2022-09-22 10:25:45,205ms,ff36f83829204443b3754b7d0328d792,Australia.AA.test.0,LOCAL,codrift5.py,marabots,FINISHED,False,True,True,False,1,1,1,0,0,0,0,0,0,0,False,False,"(1, 1, 0)","(0, 0, 0, 0)",0,False,False,False,n,1,869.0579941042174,0.16255590631042105,0.8651703283487729,2333.0417072981436,test,0,AA,adwin,Australia
2022-09-22 10:25:32,15.8s,d5cc73af247648d9a40cd92677a97230,Australia.AA.test,LOCAL,codrift5.py,marabots,FINISHED,,,,,,,,,,,,,,,,,,,,,,,,,,,,,,,,,
2022-09-22 10:25:27,203ms,7cf33a9a406243b287e3e34fecd86a5f,Argentina.AA.test.12,LOCAL,codrift5.py,marabots,FINISHED,False,True,True,False,0,0,1,0,0,0,0,0,0,0,False,False,"(0, 1, 0)","(0, 0, 0, 0)",0,False,False,False,n,1,1502.125,0.31732071959710484,0.9106368197778779,3149.8452491749495,test,12,AA,adwin,Argentina
2022-09-22 10:25:27,204ms,f652261a66c2400c83e3499a0fa804c4,Argentina.AA.test.11,LOCAL,codrift5.py,marabots,FINISHED,False,True,True,False,1,1,1,0,1,1,0,0,0,0,False,False,"(1, 1, 1)","(0, 0, 0, 0)",0,False,False,False,n,1,1987.3024098940866,0.3243734612035331,0.8181046466801962,4493.8721434511335,test,11,AA,adwin,Argentina
2022-09-22 10:25:27,204ms,18fccaaf72a04160b381f6115add81af,Argentina.AA.test.10,LOCAL,codrift5.py,marabots,FINISHED,False,True,True,False,4,4,1,0,4,4,0,0,0,0,False,False,"(4, 1, 4)","(0, 0, 0, 0)",0,False,False,False,n,1,1568.8838025231787,0.24686091895592976,0.8826069879039994,3610.1980942867276,test,10,AA,adwin,Argentina
2022-09-22 10:25:27,205ms,d5058ea463014af9bf66cf9187aa6f8a,Argentina.AA.test.9,LOCAL,codrift5.py,marabots,FINISHED,False,True,True,False,0,0,1,0,0,0,0,0,0,0,False,False,"(0, 1, 0)","(0, 0, 0, 0)",0,False,False,False,n,1,1502.125,0.31732071959710484,0.9106368197778779,3149.8452491749495,test,9,AA,adwin,Argentina
2022-09-22 10:25:26,208ms,b56fa3e4a4864b47bc7590d8cc6dd4cc,Argentina.AA.test.8,LOCAL,codrift5.py,marabots,FINISHED,False,True,True,False,6,6,1,0,4,4,0,0,0,0,False,False,"(6, 1, 4)","(0, 0, 0, 0)",0,False,False,False,n,1,1556.2213248977487,0.21058189222219173,0.8691822503947708,3811.03771411492,test,8,AA,adwin,Argentina
2022-09-22 10:25:26,205ms,d408df7e1b1c466ab3eb93f8c61e1079,Argentina.AA.test.7,LOCAL,codrift5.py,marabots,FINISHED,False,True,True,False,5,5,1,0,2,2,0,0,0,0,False,False,"(5, 1, 2)","(0, 0, 0, 0)",0,False,False,False,n,1,1913.694941902288,0.26283712274076865,0.8031132719518097,4675.393088483704,test,7,AA,adwin,Argentina
2022-09-22 10:25:26,204ms,bf16a06b7d3c4c2b8f10c5e376c61cbe,Argentina.AA.test.6,LOCAL,codrift5.py,marabots,FINISHED,False,True,True,False,0,0,1,0,0,0,0,0,0,0,False,False,"(0, 1, 0)","(0, 0, 0, 0)",0,False,False,False,n,1,1502.125,0.31732071959710484,0.9106368197778779,3149.8452491749495,test,6,AA,adwin,Argentina
2022-09-22 10:25:26,201ms,8ea885a552514fbbaeff682a675d83cd,Argentina.AA.test.5,LOCAL,codrift5.py,marabots,FINISHED,False,True,True,False,0,0,1,0,0,0,0,0,0,0,False,False,"(0, 1, 0)","(0, 0, 0, 0)",0,False,False,False,n,1,1502.125,0.31732071959710484,0.9106368197778779,3149.8452491749495,test,5,AA,adwin,Argentina
2022-09-22 10:25:26,202ms,22c491c3944a4d10a862ca7b7ddf331a,Argentina.AA.test.4,LOCAL,codrift5.py,marabots,FINISHED,False,True,True,False,0,0,1,0,0,0,0,0,0,0,False,False,"(0, 1, 0)","(0, 0, 0, 0)",0,False,False,False,n,1,1502.125,0.31732071959710484,0.9106368197778779,3149.8452491749495,test,4,AA,adwin,Argentina
2022-09-22 10:25:25,201ms,5106b6a1569342fdbdebfedbe3470be8,Argentina.AA.test.3,LOCAL,codrift5.py,marabots,FINISHED,False,True,True,False,0,0,1,0,3,3,0,0,0,0,False,False,"(0, 1, 3)","(0, 0, 0, 0)",0,False,False,False,n,1,1784.4608231927732,0.40576646351377277,0.8851980898850783,3570.1335857581407,test,3,AA,adwin,Argentina
2022-09-22 10:25:25,202ms,89022a9a6447466185a3ff522cd7fb3b,Argentina.AA.test.2,LOCAL,codrift5.py,marabots,FINISHED,False,True,True,False,0,0,1,0,0,0,0,0,0,0,False,False,"(0, 1, 0)","(0, 0, 0, 0)",0,False,False,False,n,1,1502.125,0.31732071959710484,0.9106368197778779,3149.8452491749495,test,2,AA,adwin,Argentina
2022-09-22 10:25:25,206ms,682f7baec3ce40b5a59511d7ade54cb3,Argentina.AA.test.1,LOCAL,codrift5.py,marabots,FINISHED,False,True,True,False,0,0,1,0,0,0,0,0,0,0,False,False,"(0, 1, 0)","(0, 0, 0, 0)",0,False,False,False,n,1,1502.125,0.31732071959710484,0.9106368197778779,3149.8452491749495,test,1,AA,adwin,Argentina
2022-09-22 10:25:25,210ms,3f52f0252ac74a82a5f78fb9a8f574d9,Argentina.AA.test.0,LOCAL,codrift5.py,marabots,FINISHED,False,True,True,False,1,1,1,0,2,2,0,0,0,0,False,False,"(1, 1, 2)","(0, 0, 0, 0)",0,False,False,False,n,1,2877.5808821821242,0.37699828872389385,0.4830446562719657,7575.938214208091,test,0,AA,adwin,Argentina
2022-09-22 10:24:51,36.7s,60722efa594b456bb55c6e003bc62a58,Argentina.AA.test,LOCAL,codrift5.py,marabots,FINISHED,,,,,,,,,,,,,,,,,,,,,,,,,,,,,,,,,

