Start Time,Duration,Run ID,Name,Source Type,Source Name,User,Status,alpha,base_score,booster,callbacks,colsample_bylevel,colsample_bynode,colsample_bytree,early_stopping_rounds,enable_categorical,eval_metric,gamma,gpu_id,grow_policy,importance_type,interaction_constraints,lambda,learning_rate,max_bin,max_cat_to_onehot,max_delta_step,max_depth,max_leaves,min_child_weight,missing,monotone_constraints,n_estimators,n_jobs,num_parallel_tree,objective,predictor,random_state,reg_alpha,reg_lambda,sampling_method,scale_pos_weight,subsample,tree_method,validate_parameters,verbosity,mae,mape,r2,rmse,split,model,size,data
2022-09-16 21:49:15,497ms,655a5370d7374a0cb41579e5dc3fe05f,Spain.xgb.test,LOCAL,codrift5.py,marabots,FINISHED,0.003648144216101975,0.5,gbtree,None,1,1,1,None,False,None,0,-1,depthwise,None,,2.2771612076453483e-07,0.300000012,256,4,0,5,0,1,nan,(),100,0,1,reg:squarederror,auto,0,0.00364814419,2.27716114e-07,uniform,1,1,exact,1,None,12637.677761882544,0.30793701056468414,0.3236725396048783,31699.78726041986,test,xgb,7,Spain
2022-09-16 21:49:14,495ms,4a8cfe5e609b4bce90cb8b8afa1ac4b2,Spain.xgb.test,LOCAL,codrift5.py,marabots,FINISHED,0.003648144216101975,0.5,gbtree,None,1,1,1,None,False,None,0,-1,depthwise,None,,2.2771612076453483e-07,0.300000012,256,4,0,5,0,1,nan,(),100,0,1,reg:squarederror,auto,0,0.00364814419,2.27716114e-07,uniform,1,1,exact,1,None,12637.677761882544,0.30793701056468414,0.3236725396048783,31699.78726041986,test,xgb,7,Spain
2022-09-16 21:49:14,493ms,edc8962a18c4416b8dbdce91977bed16,Spain.xgb.test,LOCAL,codrift5.py,marabots,FINISHED,0.003648144216101975,0.5,gbtree,None,1,1,1,None,False,None,0,-1,depthwise,None,,2.2771612076453483e-07,0.300000012,256,4,0,5,0,1,nan,(),100,0,1,reg:squarederror,auto,0,0.00364814419,2.27716114e-07,uniform,1,1,exact,1,None,12637.677761882544,0.30793701056468414,0.3236725396048783,31699.78726041986,test,xgb,7,Spain
2022-09-16 21:49:13,499ms,1be9e538e5474fd4b23cb2564afd8e70,Spain.xgb.test,LOCAL,codrift5.py,marabots,FINISHED,0.003648144216101975,0.5,gbtree,None,1,1,1,None,False,None,0,-1,depthwise,None,,2.2771612076453483e-07,0.300000012,256,4,0,5,0,1,nan,(),100,0,1,reg:squarederror,auto,0,0.00364814419,2.27716114e-07,uniform,1,1,exact,1,None,12637.677761882544,0.30793701056468414,0.3236725396048783,31699.78726041986,test,xgb,7,Spain
2022-09-16 21:49:13,494ms,ea7147c396ae4dfc9c16bb138e1e5675,Spain.xgb.test,LOCAL,codrift5.py,marabots,FINISHED,0.003648144216101975,0.5,gbtree,None,1,1,1,None,False,None,0,-1,depthwise,None,,2.2771612076453483e-07,0.300000012,256,4,0,5,0,1,nan,(),100,0,1,reg:squarederror,auto,0,0.00364814419,2.27716114e-07,uniform,1,1,exact,1,None,12637.677761882544,0.30793701056468414,0.3236725396048783,31699.78726041986,test,xgb,7,Spain
2022-09-16 21:49:12,0.6s,8c1248b82f5343479be927f9bd508055,Spain.xgb.test,LOCAL,codrift5.py,marabots,FINISHED,0.003648144216101975,0.5,gbtree,None,1,1,1,None,False,None,0,-1,depthwise,None,,2.2771612076453483e-07,0.300000012,256,4,0,5,0,1,nan,(),100,0,1,reg:squarederror,auto,0,0.00364814419,2.27716114e-07,uniform,1,1,exact,1,None,12637.677761882544,0.30793701056468414,0.3236725396048783,31699.78726041986,test,xgb,7,Spain
2022-09-16 21:49:12,492ms,ffbdeb67c85b489282bb9ee0e1dcb64a,Spain.xgb.test,LOCAL,codrift5.py,marabots,FINISHED,0.003648144216101975,0.5,gbtree,None,1,1,1,None,False,None,0,-1,depthwise,None,,2.2771612076453483e-07,0.300000012,256,4,0,5,0,1,nan,(),100,0,1,reg:squarederror,auto,0,0.00364814419,2.27716114e-07,uniform,1,1,exact,1,None,12637.677761882544,0.30793701056468414,0.3236725396048783,31699.78726041986,test,xgb,7,Spain
2022-09-16 21:49:11,0.5s,30cf020482454cd5a41b168310741bb5,Spain.xgb.test,LOCAL,codrift5.py,marabots,FINISHED,0.003648144216101975,0.5,gbtree,None,1,1,1,None,False,None,0,-1,depthwise,None,,2.2771612076453483e-07,0.300000012,256,4,0,5,0,1,nan,(),100,0,1,reg:squarederror,auto,0,0.00364814419,2.27716114e-07,uniform,1,1,exact,1,None,12637.677761882544,0.30793701056468414,0.3236725396048783,31699.78726041986,test,xgb,7,Spain
2022-09-16 21:49:11,495ms,d18d78c07d3646c8818cc8bc11a7a92e,Spain.xgb.test,LOCAL,codrift5.py,marabots,FINISHED,0.003648144216101975,0.5,gbtree,None,1,1,1,None,False,None,0,-1,depthwise,None,,2.2771612076453483e-07,0.300000012,256,4,0,5,0,1,nan,(),100,0,1,reg:squarederror,auto,0,0.00364814419,2.27716114e-07,uniform,1,1,exact,1,None,12637.677761882544,0.30793701056468414,0.3236725396048783,31699.78726041986,test,xgb,7,Spain
2022-09-16 21:49:10,0.7s,9706c811db834b96a2158857104d312f,Spain.xgb.test,LOCAL,codrift5.py,marabots,FINISHED,0.003648144216101975,0.5,gbtree,None,1,1,1,None,False,None,0,-1,depthwise,None,,2.2771612076453483e-07,0.300000012,256,4,0,5,0,1,nan,(),100,0,1,reg:squarederror,auto,0,0.00364814419,2.27716114e-07,uniform,1,1,exact,1,None,12637.677761882544,0.30793701056468414,0.3236725396048783,31699.78726041986,test,xgb,7,Spain
2022-09-16 21:49:05,0.5s,8c296310200a409fb5d1214ccf18b98a,Qatar.xgb.test,LOCAL,codrift5.py,marabots,FINISHED,0.01860613764278504,0.5,gbtree,None,1,1,1,None,False,None,0,-1,depthwise,None,,0.03188817712212464,0.300000012,256,4,0,5,0,1,nan,(),100,0,1,reg:squarederror,auto,0,0.0186061375,0.0318881758,uniform,1,1,exact,1,None,18.82603907585144,0.08778571306993543,0.8748759980435189,36.62420117048104,test,xgb,7,Qatar
2022-09-16 21:49:05,0.5s,2283949c27334bc5a4e4cc22a64298d3,Qatar.xgb.test,LOCAL,codrift5.py,marabots,FINISHED,0.01860613764278504,0.5,gbtree,None,1,1,1,None,False,None,0,-1,depthwise,None,,0.03188817712212464,0.300000012,256,4,0,5,0,1,nan,(),100,0,1,reg:squarederror,auto,0,0.0186061375,0.0318881758,uniform,1,1,exact,1,None,18.82603907585144,0.08778571306993543,0.8748759980435189,36.62420117048104,test,xgb,7,Qatar
2022-09-16 21:49:04,0.5s,421dd48f123e4a9a9c51e33769322391,Qatar.xgb.test,LOCAL,codrift5.py,marabots,FINISHED,0.01860613764278504,0.5,gbtree,None,1,1,1,None,False,None,0,-1,depthwise,None,,0.03188817712212464,0.300000012,256,4,0,5,0,1,nan,(),100,0,1,reg:squarederror,auto,0,0.0186061375,0.0318881758,uniform,1,1,exact,1,None,18.82603907585144,0.08778571306993543,0.8748759980435189,36.62420117048104,test,xgb,7,Qatar
2022-09-16 21:49:04,499ms,6a64df85415b412097f5bdb80c5afb07,Qatar.xgb.test,LOCAL,codrift5.py,marabots,FINISHED,0.01860613764278504,0.5,gbtree,None,1,1,1,None,False,None,0,-1,depthwise,None,,0.03188817712212464,0.300000012,256,4,0,5,0,1,nan,(),100,0,1,reg:squarederror,auto,0,0.0186061375,0.0318881758,uniform,1,1,exact,1,None,18.82603907585144,0.08778571306993543,0.8748759980435189,36.62420117048104,test,xgb,7,Qatar
2022-09-16 21:49:03,0.5s,2d1b579b5f264972bdd0951f95bad4c7,Qatar.xgb.test,LOCAL,codrift5.py,marabots,FINISHED,0.01860613764278504,0.5,gbtree,None,1,1,1,None,False,None,0,-1,depthwise,None,,0.03188817712212464,0.300000012,256,4,0,5,0,1,nan,(),100,0,1,reg:squarederror,auto,0,0.0186061375,0.0318881758,uniform,1,1,exact,1,None,18.82603907585144,0.08778571306993543,0.8748759980435189,36.62420117048104,test,xgb,7,Qatar
2022-09-16 21:49:03,0.6s,3d02a674461e4de08fb8dc25d4ea8ce0,Qatar.xgb.test,LOCAL,codrift5.py,marabots,FINISHED,0.01860613764278504,0.5,gbtree,None,1,1,1,None,False,None,0,-1,depthwise,None,,0.03188817712212464,0.300000012,256,4,0,5,0,1,nan,(),100,0,1,reg:squarederror,auto,0,0.0186061375,0.0318881758,uniform,1,1,exact,1,None,18.82603907585144,0.08778571306993543,0.8748759980435189,36.62420117048104,test,xgb,7,Qatar
2022-09-16 21:49:02,0.5s,214f222efbcc49dfa76e42b8c22330e3,Qatar.xgb.test,LOCAL,codrift5.py,marabots,FINISHED,0.01860613764278504,0.5,gbtree,None,1,1,1,None,False,None,0,-1,depthwise,None,,0.03188817712212464,0.300000012,256,4,0,5,0,1,nan,(),100,0,1,reg:squarederror,auto,0,0.0186061375,0.0318881758,uniform,1,1,exact,1,None,18.82603907585144,0.08778571306993543,0.8748759980435189,36.62420117048104,test,xgb,7,Qatar
2022-09-16 21:49:02,0.5s,b30926edd720472b8f9bfc63c0e47636,Qatar.xgb.test,LOCAL,codrift5.py,marabots,FINISHED,0.01860613764278504,0.5,gbtree,None,1,1,1,None,False,None,0,-1,depthwise,None,,0.03188817712212464,0.300000012,256,4,0,5,0,1,nan,(),100,0,1,reg:squarederror,auto,0,0.0186061375,0.0318881758,uniform,1,1,exact,1,None,18.82603907585144,0.08778571306993543,0.8748759980435189,36.62420117048104,test,xgb,7,Qatar
2022-09-16 21:49:01,0.5s,0073f3194e77452c9575748e644cca9a,Qatar.xgb.test,LOCAL,codrift5.py,marabots,FINISHED,0.01860613764278504,0.5,gbtree,None,1,1,1,None,False,None,0,-1,depthwise,None,,0.03188817712212464,0.300000012,256,4,0,5,0,1,nan,(),100,0,1,reg:squarederror,auto,0,0.0186061375,0.0318881758,uniform,1,1,exact,1,None,18.82603907585144,0.08778571306993543,0.8748759980435189,36.62420117048104,test,xgb,7,Qatar
2022-09-16 21:49:00,0.8s,4025f76907f94a7793f2eaa5ded0e080,Qatar.xgb.test,LOCAL,codrift5.py,marabots,FINISHED,0.01860613764278504,0.5,gbtree,None,1,1,1,None,False,None,0,-1,depthwise,None,,0.03188817712212464,0.300000012,256,4,0,5,0,1,nan,(),100,0,1,reg:squarederror,auto,0,0.0186061375,0.0318881758,uniform,1,1,exact,1,None,18.82603907585144,0.08778571306993543,0.8748759980435189,36.62420117048104,test,xgb,7,Qatar
2022-09-16 21:48:56,0.6s,5a82624084574d298263f2a15d4518cd,Portugal.xgb.test,LOCAL,codrift5.py,marabots,FINISHED,6.104352786778824e-05,0.5,gbtree,None,1,1,1,None,False,None,0,-1,depthwise,None,,4.171640431936096e-07,0.300000012,256,4,0,3,0,1,nan,(),100,0,1,reg:squarederror,auto,0,6.10435309e-05,4.17164046e-07,uniform,1,1,exact,1,None,1808.1934537887573,0.26320402125775166,0.50529967297984,4303.36800128917,test,xgb,7,Portugal
2022-09-16 21:48:55,482ms,ca19d2e9290843829377b2c4344c36c3,Portugal.xgb.test,LOCAL,codrift5.py,marabots,FINISHED,6.104352786778824e-05,0.5,gbtree,None,1,1,1,None,False,None,0,-1,depthwise,None,,4.171640431936096e-07,0.300000012,256,4,0,3,0,1,nan,(),100,0,1,reg:squarederror,auto,0,6.10435309e-05,4.17164046e-07,uniform,1,1,exact,1,None,1808.1934537887573,0.26320402125775166,0.50529967297984,4303.36800128917,test,xgb,7,Portugal
2022-09-16 21:48:55,484ms,2af8bbfec2c5468583d6033d3a95ef11,Portugal.xgb.test,LOCAL,codrift5.py,marabots,FINISHED,6.104352786778824e-05,0.5,gbtree,None,1,1,1,None,False,None,0,-1,depthwise,None,,4.171640431936096e-07,0.300000012,256,4,0,3,0,1,nan,(),100,0,1,reg:squarederror,auto,0,6.10435309e-05,4.17164046e-07,uniform,1,1,exact,1,None,1808.1934537887573,0.26320402125775166,0.50529967297984,4303.36800128917,test,xgb,7,Portugal
2022-09-16 21:48:54,485ms,7a3873eba3104b808d97d8398a629e99,Portugal.xgb.test,LOCAL,codrift5.py,marabots,FINISHED,6.104352786778824e-05,0.5,gbtree,None,1,1,1,None,False,None,0,-1,depthwise,None,,4.171640431936096e-07,0.300000012,256,4,0,3,0,1,nan,(),100,0,1,reg:squarederror,auto,0,6.10435309e-05,4.17164046e-07,uniform,1,1,exact,1,None,1808.1934537887573,0.26320402125775166,0.50529967297984,4303.36800128917,test,xgb,7,Portugal
2022-09-16 21:48:54,483ms,50650f963d8a43bfad95f58c55e85000,Portugal.xgb.test,LOCAL,codrift5.py,marabots,FINISHED,6.104352786778824e-05,0.5,gbtree,None,1,1,1,None,False,None,0,-1,depthwise,None,,4.171640431936096e-07,0.300000012,256,4,0,3,0,1,nan,(),100,0,1,reg:squarederror,auto,0,6.10435309e-05,4.17164046e-07,uniform,1,1,exact,1,None,1808.1934537887573,0.26320402125775166,0.50529967297984,4303.36800128917,test,xgb,7,Portugal
2022-09-16 21:48:53,483ms,ee8f76c8ed774b008f6f0479c547028d,Portugal.xgb.test,LOCAL,codrift5.py,marabots,FINISHED,6.104352786778824e-05,0.5,gbtree,None,1,1,1,None,False,None,0,-1,depthwise,None,,4.171640431936096e-07,0.300000012,256,4,0,3,0,1,nan,(),100,0,1,reg:squarederror,auto,0,6.10435309e-05,4.17164046e-07,uniform,1,1,exact,1,None,1808.1934537887573,0.26320402125775166,0.50529967297984,4303.36800128917,test,xgb,7,Portugal
2022-09-16 21:48:53,0.6s,fb891be8de8d43b0bdee7cae6ef74c0a,Portugal.xgb.test,LOCAL,codrift5.py,marabots,FINISHED,6.104352786778824e-05,0.5,gbtree,None,1,1,1,None,False,None,0,-1,depthwise,None,,4.171640431936096e-07,0.300000012,256,4,0,3,0,1,nan,(),100,0,1,reg:squarederror,auto,0,6.10435309e-05,4.17164046e-07,uniform,1,1,exact,1,None,1808.1934537887573,0.26320402125775166,0.50529967297984,4303.36800128917,test,xgb,7,Portugal
2022-09-16 21:48:52,482ms,4009407126434efbab1f0168f7934717,Portugal.xgb.test,LOCAL,codrift5.py,marabots,FINISHED,6.104352786778824e-05,0.5,gbtree,None,1,1,1,None,False,None,0,-1,depthwise,None,,4.171640431936096e-07,0.300000012,256,4,0,3,0,1,nan,(),100,0,1,reg:squarederror,auto,0,6.10435309e-05,4.17164046e-07,uniform,1,1,exact,1,None,1808.1934537887573,0.26320402125775166,0.50529967297984,4303.36800128917,test,xgb,7,Portugal
2022-09-16 21:48:52,481ms,1ec685d85e81491baa864a26d7b8271b,Portugal.xgb.test,LOCAL,codrift5.py,marabots,FINISHED,6.104352786778824e-05,0.5,gbtree,None,1,1,1,None,False,None,0,-1,depthwise,None,,4.171640431936096e-07,0.300000012,256,4,0,3,0,1,nan,(),100,0,1,reg:squarederror,auto,0,6.10435309e-05,4.17164046e-07,uniform,1,1,exact,1,None,1808.1934537887573,0.26320402125775166,0.50529967297984,4303.36800128917,test,xgb,7,Portugal
2022-09-16 21:48:51,0.7s,2e93ca2b854b4232a1c1bd9f950320be,Portugal.xgb.test,LOCAL,codrift5.py,marabots,FINISHED,6.104352786778824e-05,0.5,gbtree,None,1,1,1,None,False,None,0,-1,depthwise,None,,4.171640431936096e-07,0.300000012,256,4,0,3,0,1,nan,(),100,0,1,reg:squarederror,auto,0,6.10435309e-05,4.17164046e-07,uniform,1,1,exact,1,None,1808.1934537887573,0.26320402125775166,0.50529967297984,4303.36800128917,test,xgb,7,Portugal
2022-09-16 21:48:47,0.6s,e40ef3fc70ea46e1a2b04245914e15b9,Japan.xgb.test,LOCAL,codrift5.py,marabots,FINISHED,6.739777187384363e-08,0.5,gblinear,None,None,None,None,None,False,None,None,-1,None,None,None,8.491912034346194e-05,0.5,None,None,None,4,None,None,nan,None,100,0,None,reg:squarederror,None,0,0,0,None,1,None,None,1,None,169.44266510009766,1.0354941283975019,-4.389170349625951,193.4779930537926,test,xgb,7,Japan
2022-09-16 21:48:46,466ms,19ce6741e7b44876aaaccfc64ad4137b,Japan.xgb.test,LOCAL,codrift5.py,marabots,FINISHED,6.739777187384363e-08,0.5,gblinear,None,None,None,None,None,False,None,None,-1,None,None,None,8.491912034346194e-05,0.5,None,None,None,4,None,None,nan,None,100,0,None,reg:squarederror,None,0,0,0,None,1,None,None,1,None,202.1573944091797,1.1797557715291163,-11.400384962765212,293.48654919353476,test,xgb,7,Japan
2022-09-16 21:48:46,474ms,e55bf858a7854d99b4a4eb386331ad6c,Japan.xgb.test,LOCAL,codrift5.py,marabots,FINISHED,6.739777187384363e-08,0.5,gblinear,None,None,None,None,None,False,None,None,-1,None,None,None,8.491912034346194e-05,0.5,None,None,None,4,None,None,nan,None,100,0,None,reg:squarederror,None,0,0,0,None,1,None,None,1,None,264.42498779296875,2.0560568933494174,-16.045690948106575,344.09465218069676,test,xgb,7,Japan
2022-09-16 21:48:45,466ms,332083bfb3254b40987c303b6a2ed946,Japan.xgb.test,LOCAL,codrift5.py,marabots,FINISHED,6.739777187384363e-08,0.5,gblinear,None,None,None,None,None,False,None,None,-1,None,None,None,8.491912034346194e-05,0.5,None,None,None,4,None,None,nan,None,100,0,None,reg:squarederror,None,0,0,0,None,1,None,None,1,None,182.9005889892578,1.1860646830297579,-5.840381916659095,217.9770612002747,test,xgb,7,Japan
2022-09-16 21:48:45,475ms,a7d963045a5f43e1b33da4db7cf0f1ad,Japan.xgb.test,LOCAL,codrift5.py,marabots,FINISHED,6.739777187384363e-08,0.5,gblinear,None,None,None,None,None,False,None,None,-1,None,None,None,8.491912034346194e-05,0.5,None,None,None,4,None,None,nan,None,100,0,None,reg:squarederror,None,0,0,0,None,1,None,None,1,None,953.942626953125,5.637824507350642,-1014.9634319819297,2656.4989965362633,test,xgb,7,Japan
2022-09-16 21:48:44,0.6s,8a08330d3c8a495d97263e3e9e9a5b39,Japan.xgb.test,LOCAL,codrift5.py,marabots,FINISHED,6.739777187384363e-08,0.5,gblinear,None,None,None,None,None,False,None,None,-1,None,None,None,8.491912034346194e-05,0.5,None,None,None,4,None,None,nan,None,100,0,None,reg:squarederror,None,0,0,0,None,1,None,None,1,None,562.256103515625,3.1172915575110327,-708.2837022300901,2219.630114336841,test,xgb,7,Japan
2022-09-16 21:48:43,477ms,553ecc8615da49138211e17f25f6167a,Japan.xgb.test,LOCAL,codrift5.py,marabots,FINISHED,6.739777187384363e-08,0.5,gblinear,None,None,None,None,None,False,None,None,-1,None,None,None,8.491912034346194e-05,0.5,None,None,None,4,None,None,nan,None,100,0,None,reg:squarederror,None,0,0,0,None,1,None,None,1,None,166.0553970336914,1.0812416555715552,-4.5330997507045865,196.0445925798988,test,xgb,7,Japan
2022-09-16 21:48:43,471ms,b7468d8812ac40daa7912349402fc192,Japan.xgb.test,LOCAL,codrift5.py,marabots,FINISHED,6.739777187384363e-08,0.5,gblinear,None,None,None,None,None,False,None,None,-1,None,None,None,8.491912034346194e-05,0.5,None,None,None,4,None,None,nan,None,100,0,None,reg:squarederror,None,0,0,0,None,1,None,None,1,None,193.54056549072266,1.1460771956198097,-8.484478982650248,256.6713277514878,test,xgb,7,Japan
2022-09-16 21:48:43,469ms,18116de25b274ba1b2731473579e9dfc,Japan.xgb.test,LOCAL,codrift5.py,marabots,FINISHED,6.739777187384363e-08,0.5,gblinear,None,None,None,None,None,False,None,None,-1,None,None,None,8.491912034346194e-05,0.5,None,None,None,4,None,None,nan,None,100,0,None,reg:squarederror,None,0,0,0,None,1,None,None,1,None,70.9312629699707,0.6126967911804299,-0.11974180516198918,88.19207569874695,test,xgb,7,Japan
2022-09-16 21:48:42,0.7s,f31a492779d14c3f8e9dfd4dd5816953,Japan.xgb.test,LOCAL,codrift5.py,marabots,FINISHED,6.739777187384363e-08,0.5,gblinear,None,None,None,None,None,False,None,None,-1,None,None,None,8.491912034346194e-05,0.5,None,None,None,4,None,None,nan,None,100,0,None,reg:squarederror,None,0,0,0,None,1,None,None,1,None,168.078125,1,-4.067065374551878,187.6069278438299,test,xgb,7,Japan
2022-09-16 21:48:27,472ms,ae7be49b11c2418b9e2f4c74a7caf87b,Israel.xgb.test,LOCAL,codrift5.py,marabots,FINISHED,1.9181088504861241e-07,0.5,gbtree,None,1,1,1,None,False,None,0,-1,depthwise,None,,1.1786262888993467e-05,0.300000012,256,4,0,2,0,1,nan,(),100,0,1,reg:squarederror,auto,0,1.91810884e-07,1.17862628e-05,uniform,1,1,exact,1,None,366.3554210662842,0.4166251283197361,0.5607860453162462,674.2868197130753,test,xgb,7,Israel
2022-09-16 21:48:26,474ms,35b1a7c96728400ebec64e7cda12b435,Israel.xgb.test,LOCAL,codrift5.py,marabots,FINISHED,1.9181088504861241e-07,0.5,gbtree,None,1,1,1,None,False,None,0,-1,depthwise,None,,1.1786262888993467e-05,0.300000012,256,4,0,2,0,1,nan,(),100,0,1,reg:squarederror,auto,0,1.91810884e-07,1.17862628e-05,uniform,1,1,exact,1,None,366.3554210662842,0.4166251283197361,0.5607860453162462,674.2868197130753,test,xgb,7,Israel
2022-09-16 21:48:26,470ms,525cbebe82fc4e728a2cee791edf8c31,Israel.xgb.test,LOCAL,codrift5.py,marabots,FINISHED,1.9181088504861241e-07,0.5,gbtree,None,1,1,1,None,False,None,0,-1,depthwise,None,,1.1786262888993467e-05,0.300000012,256,4,0,2,0,1,nan,(),100,0,1,reg:squarederror,auto,0,1.91810884e-07,1.17862628e-05,uniform,1,1,exact,1,None,366.3554210662842,0.4166251283197361,0.5607860453162462,674.2868197130753,test,xgb,7,Israel
2022-09-16 21:48:25,472ms,325cff3d663b4322876708f832e99476,Israel.xgb.test,LOCAL,codrift5.py,marabots,FINISHED,1.9181088504861241e-07,0.5,gbtree,None,1,1,1,None,False,None,0,-1,depthwise,None,,1.1786262888993467e-05,0.300000012,256,4,0,2,0,1,nan,(),100,0,1,reg:squarederror,auto,0,1.91810884e-07,1.17862628e-05,uniform,1,1,exact,1,None,366.3554210662842,0.4166251283197361,0.5607860453162462,674.2868197130753,test,xgb,7,Israel
2022-09-16 21:48:25,471ms,fd015618e4a14c349b3dd3e944c78c1d,Israel.xgb.test,LOCAL,codrift5.py,marabots,FINISHED,1.9181088504861241e-07,0.5,gbtree,None,1,1,1,None,False,None,0,-1,depthwise,None,,1.1786262888993467e-05,0.300000012,256,4,0,2,0,1,nan,(),100,0,1,reg:squarederror,auto,0,1.91810884e-07,1.17862628e-05,uniform,1,1,exact,1,None,366.3554210662842,0.4166251283197361,0.5607860453162462,674.2868197130753,test,xgb,7,Israel
2022-09-16 21:48:24,0.6s,fc6cf2b4a4f1497bbfbd8d1d2f22d4a6,Israel.xgb.test,LOCAL,codrift5.py,marabots,FINISHED,1.9181088504861241e-07,0.5,gbtree,None,1,1,1,None,False,None,0,-1,depthwise,None,,1.1786262888993467e-05,0.300000012,256,4,0,2,0,1,nan,(),100,0,1,reg:squarederror,auto,0,1.91810884e-07,1.17862628e-05,uniform,1,1,exact,1,None,366.3554210662842,0.4166251283197361,0.5607860453162462,674.2868197130753,test,xgb,7,Israel
2022-09-16 21:48:23,471ms,1ac5ac92c8934a089a39b5817ed3ea61,Israel.xgb.test,LOCAL,codrift5.py,marabots,FINISHED,1.9181088504861241e-07,0.5,gbtree,None,1,1,1,None,False,None,0,-1,depthwise,None,,1.1786262888993467e-05,0.300000012,256,4,0,2,0,1,nan,(),100,0,1,reg:squarederror,auto,0,1.91810884e-07,1.17862628e-05,uniform,1,1,exact,1,None,366.3554210662842,0.4166251283197361,0.5607860453162462,674.2868197130753,test,xgb,7,Israel
2022-09-16 21:48:23,470ms,8b87178f015a4490bfd6d0425ad20e8b,Israel.xgb.test,LOCAL,codrift5.py,marabots,FINISHED,1.9181088504861241e-07,0.5,gbtree,None,1,1,1,None,False,None,0,-1,depthwise,None,,1.1786262888993467e-05,0.300000012,256,4,0,2,0,1,nan,(),100,0,1,reg:squarederror,auto,0,1.91810884e-07,1.17862628e-05,uniform,1,1,exact,1,None,366.3554210662842,0.4166251283197361,0.5607860453162462,674.2868197130753,test,xgb,7,Israel
2022-09-16 21:48:22,485ms,4a30c87b4cfa4682b9a1c0f278728061,Israel.xgb.test,LOCAL,codrift5.py,marabots,FINISHED,1.9181088504861241e-07,0.5,gbtree,None,1,1,1,None,False,None,0,-1,depthwise,None,,1.1786262888993467e-05,0.300000012,256,4,0,2,0,1,nan,(),100,0,1,reg:squarederror,auto,0,1.91810884e-07,1.17862628e-05,uniform,1,1,exact,1,None,366.3554210662842,0.4166251283197361,0.5607860453162462,674.2868197130753,test,xgb,7,Israel
2022-09-16 21:48:22,0.8s,3103067064b541908d66e594c55c885c,Israel.xgb.test,LOCAL,codrift5.py,marabots,FINISHED,1.9181088504861241e-07,0.5,gbtree,None,1,1,1,None,False,None,0,-1,depthwise,None,,1.1786262888993467e-05,0.300000012,256,4,0,2,0,1,nan,(),100,0,1,reg:squarederror,auto,0,1.91810884e-07,1.17862628e-05,uniform,1,1,exact,1,None,366.3554210662842,0.4166251283197361,0.5607860453162462,674.2868197130753,test,xgb,7,Israel
2022-09-16 21:48:17,0.6s,fc994b67b2fd416f95006114b4a70429,Iran.xgb.test,LOCAL,codrift5.py,marabots,FINISHED,0.10161771207777928,0.5,gblinear,None,None,None,None,None,False,None,None,-1,None,None,None,0.45072198515654044,0.5,None,None,None,4,None,None,nan,None,100,0,None,reg:squarederror,None,0,0,0,None,1,None,None,1,None,1226.3090438842773,0.3779354771793667,0.7058784366491877,1410.7759200755845,test,xgb,7,Iran
2022-09-16 21:48:17,461ms,4e591f8a2b8f4e7e956a9d2c5db1fff1,Iran.xgb.test,LOCAL,codrift5.py,marabots,FINISHED,0.10161771207777928,0.5,gblinear,None,None,None,None,None,False,None,None,-1,None,None,None,0.45072198515654044,0.5,None,None,None,4,None,None,nan,None,100,0,None,reg:squarederror,None,0,0,0,None,1,None,None,1,None,1226.3088760375977,0.3779354011471498,0.7058784729813046,1410.7758329407334,test,xgb,7,Iran
2022-09-16 21:48:16,462ms,f2e7c46fabcb47ca9b17f712082b60b4,Iran.xgb.test,LOCAL,codrift5.py,marabots,FINISHED,0.10161771207777928,0.5,gblinear,None,None,None,None,None,False,None,None,-1,None,None,None,0.45072198515654044,0.5,None,None,None,4,None,None,nan,None,100,0,None,reg:squarederror,None,0,0,0,None,1,None,None,1,None,1226.3088493347168,0.37793539624041306,0.705878486997143,1410.7757993267264,test,xgb,7,Iran
2022-09-16 21:48:16,462ms,37e037708f064e9cbf5fcb94f1b51f2a,Iran.xgb.test,LOCAL,codrift5.py,marabots,FINISHED,0.10161771207777928,0.5,gblinear,None,None,None,None,None,False,None,None,-1,None,None,None,0.45072198515654044,0.5,None,None,None,4,None,None,nan,None,100,0,None,reg:squarederror,None,0,0,0,None,1,None,None,1,None,1226.3088989257812,0.3779354333506648,0.7058784732096184,1410.7758323931714,test,xgb,7,Iran
2022-09-16 21:48:15,461ms,41c8216e20c948da9efac27ad8e2330c,Iran.xgb.test,LOCAL,codrift5.py,marabots,FINISHED,0.10161771207777928,0.5,gblinear,None,None,None,None,None,False,None,None,-1,None,None,None,0.45072198515654044,0.5,None,None,None,4,None,None,nan,None,100,0,None,reg:squarederror,None,0,0,0,None,1,None,None,1,None,1226.3089447021484,0.37793542125367197,0.7058784552076752,1410.775875567002,test,xgb,7,Iran
2022-09-16 21:48:15,0.6s,6cb131c7c0d446469eae7d057b3900d8,Iran.xgb.test,LOCAL,codrift5.py,marabots,FINISHED,0.10161771207777928,0.5,gblinear,None,None,None,None,None,False,None,None,-1,None,None,None,0.45072198515654044,0.5,None,None,None,4,None,None,nan,None,100,0,None,reg:squarederror,None,0,0,0,None,1,None,None,1,None,1226.3089447021484,0.37793542876046204,0.7058784568173908,1410.7758717064416,test,xgb,7,Iran
2022-09-16 21:48:14,460ms,d452444f4a064833b4a20142a87c8bd4,Iran.xgb.test,LOCAL,codrift5.py,marabots,FINISHED,0.10161771207777928,0.5,gblinear,None,None,None,None,None,False,None,None,-1,None,None,None,0.45072198515654044,0.5,None,None,None,4,None,None,nan,None,100,0,None,reg:squarederror,None,0,0,0,None,1,None,None,1,None,1226.3088912963867,0.3779354350760479,0.7058784814688484,1410.7758125851653,test,xgb,7,Iran
2022-09-16 21:48:14,460ms,779be1d27b144a68965bca0365e36e2e,Iran.xgb.test,LOCAL,codrift5.py,marabots,FINISHED,0.10161771207777928,0.5,gblinear,None,None,None,None,None,False,None,None,-1,None,None,None,0.45072198515654044,0.5,None,None,None,4,None,None,nan,None,100,0,None,reg:squarederror,None,0,0,0,None,1,None,None,1,None,1226.3088722229004,0.3779354142178588,0.7058784989124323,1410.7757707504384,test,xgb,7,Iran
2022-09-16 21:48:13,461ms,c91627a1154942e8a8c808bf4306d220,Iran.xgb.test,LOCAL,codrift5.py,marabots,FINISHED,0.10161771207777928,0.5,gblinear,None,None,None,None,None,False,None,None,-1,None,None,None,0.45072198515654044,0.5,None,None,None,4,None,None,nan,None,100,0,None,reg:squarederror,None,0,0,0,None,1,None,None,1,None,1226.3087997436523,0.37793538439399577,0.705878501734676,1410.775763981887,test,xgb,7,Iran
2022-09-16 21:48:13,0.7s,3f84dcd878424402ae209bcac68c799d,Iran.xgb.test,LOCAL,codrift5.py,marabots,FINISHED,0.10161771207777928,0.5,gblinear,None,None,None,None,None,False,None,None,-1,None,None,None,0.45072198515654044,0.5,None,None,None,4,None,None,nan,None,100,0,None,reg:squarederror,None,0,0,0,None,1,None,None,1,None,1226.3088569641113,0.3779354020469138,0.705878476206941,1410.7758252047308,test,xgb,7,Iran
2022-09-16 21:48:08,0.5s,6504912c8c8e47f48c4ee76e4f2958a1,Germany.xgb.test,LOCAL,codrift5.py,marabots,FINISHED,2.5521032934615144e-06,0.5,gbtree,None,1,1,1,None,False,None,0,-1,depthwise,None,,0.49665497918855245,0.300000012,256,4,0,7,0,1,nan,(),100,0,1,reg:squarederror,auto,0,2.5521033e-06,0.496654987,uniform,1,1,exact,1,None,23366.990341186523,0.49355999349587765,-1.5085044925398026,29055.58730114047,test,xgb,7,Germany
2022-09-16 21:48:08,0.5s,eb885440d5444ee29d1a8f0aa4bb09f4,Germany.xgb.test,LOCAL,codrift5.py,marabots,FINISHED,2.5521032934615144e-06,0.5,gbtree,None,1,1,1,None,False,None,0,-1,depthwise,None,,0.49665497918855245,0.300000012,256,4,0,7,0,1,nan,(),100,0,1,reg:squarederror,auto,0,2.5521033e-06,0.496654987,uniform,1,1,exact,1,None,23366.990341186523,0.49355999349587765,-1.5085044925398026,29055.58730114047,test,xgb,7,Germany
2022-09-16 21:48:07,0.5s,60b43ef503fd422e90809d31fc4e6aba,Germany.xgb.test,LOCAL,codrift5.py,marabots,FINISHED,2.5521032934615144e-06,0.5,gbtree,None,1,1,1,None,False,None,0,-1,depthwise,None,,0.49665497918855245,0.300000012,256,4,0,7,0,1,nan,(),100,0,1,reg:squarederror,auto,0,2.5521033e-06,0.496654987,uniform,1,1,exact,1,None,23366.990341186523,0.49355999349587765,-1.5085044925398026,29055.58730114047,test,xgb,7,Germany
2022-09-16 21:48:07,0.5s,9c378f804c3d4f059df8fda1d92050b7,Germany.xgb.test,LOCAL,codrift5.py,marabots,FINISHED,2.5521032934615144e-06,0.5,gbtree,None,1,1,1,None,False,None,0,-1,depthwise,None,,0.49665497918855245,0.300000012,256,4,0,7,0,1,nan,(),100,0,1,reg:squarederror,auto,0,2.5521033e-06,0.496654987,uniform,1,1,exact,1,None,23366.990341186523,0.49355999349587765,-1.5085044925398026,29055.58730114047,test,xgb,7,Germany
2022-09-16 21:48:06,0.5s,eefa99fe69074d73b48f43dfa6919b8c,Germany.xgb.test,LOCAL,codrift5.py,marabots,FINISHED,2.5521032934615144e-06,0.5,gbtree,None,1,1,1,None,False,None,0,-1,depthwise,None,,0.49665497918855245,0.300000012,256,4,0,7,0,1,nan,(),100,0,1,reg:squarederror,auto,0,2.5521033e-06,0.496654987,uniform,1,1,exact,1,None,23366.990341186523,0.49355999349587765,-1.5085044925398026,29055.58730114047,test,xgb,7,Germany
2022-09-16 21:48:05,0.6s,8dcbd458ba2744cdb521d18f479f90c2,Germany.xgb.test,LOCAL,codrift5.py,marabots,FINISHED,2.5521032934615144e-06,0.5,gbtree,None,1,1,1,None,False,None,0,-1,depthwise,None,,0.49665497918855245,0.300000012,256,4,0,7,0,1,nan,(),100,0,1,reg:squarederror,auto,0,2.5521033e-06,0.496654987,uniform,1,1,exact,1,None,23366.990341186523,0.49355999349587765,-1.5085044925398026,29055.58730114047,test,xgb,7,Germany
2022-09-16 21:48:05,0.5s,fc2e9bf53e024f6c9d8cfce5c4ff973a,Germany.xgb.test,LOCAL,codrift5.py,marabots,FINISHED,2.5521032934615144e-06,0.5,gbtree,None,1,1,1,None,False,None,0,-1,depthwise,None,,0.49665497918855245,0.300000012,256,4,0,7,0,1,nan,(),100,0,1,reg:squarederror,auto,0,2.5521033e-06,0.496654987,uniform,1,1,exact,1,None,23366.990341186523,0.49355999349587765,-1.5085044925398026,29055.58730114047,test,xgb,7,Germany
2022-09-16 21:48:04,0.5s,0a1a60fbea6f447381b6d7bc413e2af5,Germany.xgb.test,LOCAL,codrift5.py,marabots,FINISHED,2.5521032934615144e-06,0.5,gbtree,None,1,1,1,None,False,None,0,-1,depthwise,None,,0.49665497918855245,0.300000012,256,4,0,7,0,1,nan,(),100,0,1,reg:squarederror,auto,0,2.5521033e-06,0.496654987,uniform,1,1,exact,1,None,23366.990341186523,0.49355999349587765,-1.5085044925398026,29055.58730114047,test,xgb,7,Germany
2022-09-16 21:48:04,0.5s,25eb162f738c4ce084e24da733bd258b,Germany.xgb.test,LOCAL,codrift5.py,marabots,FINISHED,2.5521032934615144e-06,0.5,gbtree,None,1,1,1,None,False,None,0,-1,depthwise,None,,0.49665497918855245,0.300000012,256,4,0,7,0,1,nan,(),100,0,1,reg:squarederror,auto,0,2.5521033e-06,0.496654987,uniform,1,1,exact,1,None,23366.990341186523,0.49355999349587765,-1.5085044925398026,29055.58730114047,test,xgb,7,Germany
2022-09-16 21:48:03,0.8s,e6cfd5f4887b4ad5b449ec3df1123e93,Germany.xgb.test,LOCAL,codrift5.py,marabots,FINISHED,2.5521032934615144e-06,0.5,gbtree,None,1,1,1,None,False,None,0,-1,depthwise,None,,0.49665497918855245,0.300000012,256,4,0,7,0,1,nan,(),100,0,1,reg:squarederror,auto,0,2.5521033e-06,0.496654987,uniform,1,1,exact,1,None,23366.990341186523,0.49355999349587765,-1.5085044925398026,29055.58730114047,test,xgb,7,Germany
2022-09-16 21:47:48,0.6s,c301c9733e5a4df1acdcc3ebdb92cc21,China.xgb.test,LOCAL,codrift5.py,marabots,FINISHED,5.334764655753452e-05,0.5,dart,None,1,1,1,None,False,None,0,-1,depthwise,None,,0.031137436786111434,0.300000012,256,4,0,3,0,1,nan,(),100,0,1,reg:squarederror,auto,0,5.3347645e-05,0.0311374366,uniform,1,1,exact,1,None,27.3902530670166,0.2689538374709984,0.5691586842235077,40.43320147736666,test,xgb,7,China
2022-09-16 21:47:47,0.6s,92f5a98645f047238e820c4653051f4f,China.xgb.test,LOCAL,codrift5.py,marabots,FINISHED,5.334764655753452e-05,0.5,dart,None,1,1,1,None,False,None,0,-1,depthwise,None,,0.031137436786111434,0.300000012,256,4,0,3,0,1,nan,(),100,0,1,reg:squarederror,auto,0,5.3347645e-05,0.0311374366,uniform,1,1,exact,1,None,27.3902530670166,0.2689538374709984,0.5691586842235077,40.43320147736666,test,xgb,7,China
2022-09-16 21:47:47,0.6s,3e7aa5d619d54649847f0e440eee11cf,China.xgb.test,LOCAL,codrift5.py,marabots,FINISHED,5.334764655753452e-05,0.5,dart,None,1,1,1,None,False,None,0,-1,depthwise,None,,0.031137436786111434,0.300000012,256,4,0,3,0,1,nan,(),100,0,1,reg:squarederror,auto,0,5.3347645e-05,0.0311374366,uniform,1,1,exact,1,None,27.3902530670166,0.2689538374709984,0.5691586842235077,40.43320147736666,test,xgb,7,China
2022-09-16 21:47:46,0.6s,5c44dcc012ac4ebe929e58ee438a1c40,China.xgb.test,LOCAL,codrift5.py,marabots,FINISHED,5.334764655753452e-05,0.5,dart,None,1,1,1,None,False,None,0,-1,depthwise,None,,0.031137436786111434,0.300000012,256,4,0,3,0,1,nan,(),100,0,1,reg:squarederror,auto,0,5.3347645e-05,0.0311374366,uniform,1,1,exact,1,None,27.3902530670166,0.2689538374709984,0.5691586842235077,40.43320147736666,test,xgb,7,China
2022-09-16 21:47:46,0.6s,487e168050f649029de4a44acae2b017,China.xgb.test,LOCAL,codrift5.py,marabots,FINISHED,5.334764655753452e-05,0.5,dart,None,1,1,1,None,False,None,0,-1,depthwise,None,,0.031137436786111434,0.300000012,256,4,0,3,0,1,nan,(),100,0,1,reg:squarederror,auto,0,5.3347645e-05,0.0311374366,uniform,1,1,exact,1,None,27.3902530670166,0.2689538374709984,0.5691586842235077,40.43320147736666,test,xgb,7,China
2022-09-16 21:47:45,0.7s,dd75b4ffd2cb4434b6d495790e5993c7,China.xgb.test,LOCAL,codrift5.py,marabots,FINISHED,5.334764655753452e-05,0.5,dart,None,1,1,1,None,False,None,0,-1,depthwise,None,,0.031137436786111434,0.300000012,256,4,0,3,0,1,nan,(),100,0,1,reg:squarederror,auto,0,5.3347645e-05,0.0311374366,uniform,1,1,exact,1,None,27.3902530670166,0.2689538374709984,0.5691586842235077,40.43320147736666,test,xgb,7,China
2022-09-16 21:47:44,0.6s,f8fde93946474302a5c17de2d8606a7a,China.xgb.test,LOCAL,codrift5.py,marabots,FINISHED,5.334764655753452e-05,0.5,dart,None,1,1,1,None,False,None,0,-1,depthwise,None,,0.031137436786111434,0.300000012,256,4,0,3,0,1,nan,(),100,0,1,reg:squarederror,auto,0,5.3347645e-05,0.0311374366,uniform,1,1,exact,1,None,27.3902530670166,0.2689538374709984,0.5691586842235077,40.43320147736666,test,xgb,7,China
2022-09-16 21:47:44,0.6s,c8ba6c07ad4b4aa78f9b5bd40d423b4f,China.xgb.test,LOCAL,codrift5.py,marabots,FINISHED,5.334764655753452e-05,0.5,dart,None,1,1,1,None,False,None,0,-1,depthwise,None,,0.031137436786111434,0.300000012,256,4,0,3,0,1,nan,(),100,0,1,reg:squarederror,auto,0,5.3347645e-05,0.0311374366,uniform,1,1,exact,1,None,27.3902530670166,0.2689538374709984,0.5691586842235077,40.43320147736666,test,xgb,7,China
2022-09-16 21:47:43,0.6s,1743f2a9d7084d7e9a56b65cc7facadb,China.xgb.test,LOCAL,codrift5.py,marabots,FINISHED,5.334764655753452e-05,0.5,dart,None,1,1,1,None,False,None,0,-1,depthwise,None,,0.031137436786111434,0.300000012,256,4,0,3,0,1,nan,(),100,0,1,reg:squarederror,auto,0,5.3347645e-05,0.0311374366,uniform,1,1,exact,1,None,27.3902530670166,0.2689538374709984,0.5691586842235077,40.43320147736666,test,xgb,7,China
2022-09-16 21:47:42,0.9s,604136f5b0cc40069f839dd49a0bb828,China.xgb.test,LOCAL,codrift5.py,marabots,FINISHED,5.334764655753452e-05,0.5,dart,None,1,1,1,None,False,None,0,-1,depthwise,None,,0.031137436786111434,0.300000012,256,4,0,3,0,1,nan,(),100,0,1,reg:squarederror,auto,0,5.3347645e-05,0.0311374366,uniform,1,1,exact,1,None,27.3902530670166,0.2689538374709984,0.5691586842235077,40.43320147736666,test,xgb,7,China
2022-09-16 21:47:19,0.7s,5eef0d3cb0a74520b2e05c27d9f4ee5f,Argentina.xgb.test,LOCAL,codrift5.py,marabots,FINISHED,0.0005339028893967897,0.5,gbtree,None,1,1,1,None,False,None,0,-1,depthwise,None,,0.48293420929366476,0.300000012,256,4,0,10,0,1,nan,(),100,0,1,reg:squarederror,auto,0,0.000533902901,0.482934207,uniform,1,1,exact,1,None,2455.832790374756,0.2546957033058188,0.6377448283720507,6341.868122766816,test,xgb,7,Argentina
2022-09-16 21:47:18,0.6s,57e56b4d33084238adf99d7aac2c563e,Argentina.xgb.test,LOCAL,codrift5.py,marabots,FINISHED,0.0005339028893967897,0.5,gbtree,None,1,1,1,None,False,None,0,-1,depthwise,None,,0.48293420929366476,0.300000012,256,4,0,10,0,1,nan,(),100,0,1,reg:squarederror,auto,0,0.000533902901,0.482934207,uniform,1,1,exact,1,None,2455.832790374756,0.2546957033058188,0.6377448283720507,6341.868122766816,test,xgb,7,Argentina
2022-09-16 21:47:18,0.6s,fd8dd9a09a8746d3a3f8f18591cc912f,Argentina.xgb.test,LOCAL,codrift5.py,marabots,FINISHED,0.0005339028893967897,0.5,gbtree,None,1,1,1,None,False,None,0,-1,depthwise,None,,0.48293420929366476,0.300000012,256,4,0,10,0,1,nan,(),100,0,1,reg:squarederror,auto,0,0.000533902901,0.482934207,uniform,1,1,exact,1,None,2455.832790374756,0.2546957033058188,0.6377448283720507,6341.868122766816,test,xgb,7,Argentina
2022-09-16 21:47:17,0.6s,f53dee1560784ad8a4a662733db4c119,Argentina.xgb.test,LOCAL,codrift5.py,marabots,FINISHED,0.0005339028893967897,0.5,gbtree,None,1,1,1,None,False,None,0,-1,depthwise,None,,0.48293420929366476,0.300000012,256,4,0,10,0,1,nan,(),100,0,1,reg:squarederror,auto,0,0.000533902901,0.482934207,uniform,1,1,exact,1,None,2455.832790374756,0.2546957033058188,0.6377448283720507,6341.868122766816,test,xgb,7,Argentina
2022-09-16 21:47:17,0.6s,19cd61fa60244154961811b6739bd974,Argentina.xgb.test,LOCAL,codrift5.py,marabots,FINISHED,0.0005339028893967897,0.5,gbtree,None,1,1,1,None,False,None,0,-1,depthwise,None,,0.48293420929366476,0.300000012,256,4,0,10,0,1,nan,(),100,0,1,reg:squarederror,auto,0,0.000533902901,0.482934207,uniform,1,1,exact,1,None,2455.832790374756,0.2546957033058188,0.6377448283720507,6341.868122766816,test,xgb,7,Argentina
2022-09-16 21:47:16,0.7s,865735a7991145058d420425163f3826,Argentina.xgb.test,LOCAL,codrift5.py,marabots,FINISHED,0.0005339028893967897,0.5,gbtree,None,1,1,1,None,False,None,0,-1,depthwise,None,,0.48293420929366476,0.300000012,256,4,0,10,0,1,nan,(),100,0,1,reg:squarederror,auto,0,0.000533902901,0.482934207,uniform,1,1,exact,1,None,2455.832790374756,0.2546957033058188,0.6377448283720507,6341.868122766816,test,xgb,7,Argentina
2022-09-16 21:47:15,0.6s,574a81f9243c43acbc6521bbe65f1aa2,Argentina.xgb.test,LOCAL,codrift5.py,marabots,FINISHED,0.0005339028893967897,0.5,gbtree,None,1,1,1,None,False,None,0,-1,depthwise,None,,0.48293420929366476,0.300000012,256,4,0,10,0,1,nan,(),100,0,1,reg:squarederror,auto,0,0.000533902901,0.482934207,uniform,1,1,exact,1,None,2455.832790374756,0.2546957033058188,0.6377448283720507,6341.868122766816,test,xgb,7,Argentina
2022-09-16 21:47:15,0.6s,34ec1401d26540699264a3183a37a2c8,Argentina.xgb.test,LOCAL,codrift5.py,marabots,FINISHED,0.0005339028893967897,0.5,gbtree,None,1,1,1,None,False,None,0,-1,depthwise,None,,0.48293420929366476,0.300000012,256,4,0,10,0,1,nan,(),100,0,1,reg:squarederror,auto,0,0.000533902901,0.482934207,uniform,1,1,exact,1,None,2455.832790374756,0.2546957033058188,0.6377448283720507,6341.868122766816,test,xgb,7,Argentina
2022-09-16 21:47:14,0.6s,1253469958154fe7af7789397310fd0d,Argentina.xgb.test,LOCAL,codrift5.py,marabots,FINISHED,0.0005339028893967897,0.5,gbtree,None,1,1,1,None,False,None,0,-1,depthwise,None,,0.48293420929366476,0.300000012,256,4,0,10,0,1,nan,(),100,0,1,reg:squarederror,auto,0,0.000533902901,0.482934207,uniform,1,1,exact,1,None,2455.832790374756,0.2546957033058188,0.6377448283720507,6341.868122766816,test,xgb,7,Argentina
2022-09-16 21:47:13,0.8s,77ec109bad6040b69de6c7c8e00a8613,Argentina.xgb.test,LOCAL,codrift5.py,marabots,FINISHED,0.0005339028893967897,0.5,gbtree,None,1,1,1,None,False,None,0,-1,depthwise,None,,0.48293420929366476,0.300000012,256,4,0,10,0,1,nan,(),100,0,1,reg:squarederror,auto,0,0.000533902901,0.482934207,uniform,1,1,exact,1,None,2455.832790374756,0.2546957033058188,0.6377448283720507,6341.868122766816,test,xgb,7,Argentina
2022-09-07 22:10:40,0.6s,c43556165e3846c1a1603b06e7d7dde2,Russia.xgb.test,LOCAL,codrift5.py,marabots,FINISHED,0.004759217658861604,0.5,dart,None,1,1,1,None,False,None,0,-1,depthwise,None,,0.01723986295328595,0.300000012,256,4,0,3,0,1,nan,(),100,0,1,reg:squarederror,auto,0,0.00475921761,0.0172398631,uniform,1,1,exact,1,None,5819.015380859375,0.16441973265433568,-0.6484760098778422,7108.066815243756,test,xgb,7,Russia
2022-09-07 22:10:39,0.6s,1cafdab62bde49b39bb82fa8c3539b90,Russia.xgb.test,LOCAL,codrift5.py,marabots,FINISHED,0.004759217658861604,0.5,dart,None,1,1,1,None,False,None,0,-1,depthwise,None,,0.01723986295328595,0.300000012,256,4,0,3,0,1,nan,(),100,0,1,reg:squarederror,auto,0,0.00475921761,0.0172398631,uniform,1,1,exact,1,None,5819.015380859375,0.16441973265433568,-0.6484760098778422,7108.066815243756,test,xgb,7,Russia
2022-09-07 22:10:39,0.6s,7c45401bbbb641c3806492094199d01a,Russia.xgb.test,LOCAL,codrift5.py,marabots,FINISHED,0.004759217658861604,0.5,dart,None,1,1,1,None,False,None,0,-1,depthwise,None,,0.01723986295328595,0.300000012,256,4,0,3,0,1,nan,(),100,0,1,reg:squarederror,auto,0,0.00475921761,0.0172398631,uniform,1,1,exact,1,None,5819.015380859375,0.16441973265433568,-0.6484760098778422,7108.066815243756,test,xgb,7,Russia
2022-09-07 22:10:38,0.6s,4a370e581f1249f38619eb6cc7a13ee4,Russia.xgb.test,LOCAL,codrift5.py,marabots,FINISHED,0.004759217658861604,0.5,dart,None,1,1,1,None,False,None,0,-1,depthwise,None,,0.01723986295328595,0.300000012,256,4,0,3,0,1,nan,(),100,0,1,reg:squarederror,auto,0,0.00475921761,0.0172398631,uniform,1,1,exact,1,None,5819.015380859375,0.16441973265433568,-0.6484760098778422,7108.066815243756,test,xgb,7,Russia
2022-09-07 22:10:37,0.6s,17b7616112ff47158da70c2d129b665e,Russia.xgb.test,LOCAL,codrift5.py,marabots,FINISHED,0.004759217658861604,0.5,dart,None,1,1,1,None,False,None,0,-1,depthwise,None,,0.01723986295328595,0.300000012,256,4,0,3,0,1,nan,(),100,0,1,reg:squarederror,auto,0,0.00475921761,0.0172398631,uniform,1,1,exact,1,None,5819.015380859375,0.16441973265433568,-0.6484760098778422,7108.066815243756,test,xgb,7,Russia
2022-09-07 22:10:37,0.7s,fd515bfce5b64dea95f9650e6f47154c,Russia.xgb.test,LOCAL,codrift5.py,marabots,FINISHED,0.004759217658861604,0.5,dart,None,1,1,1,None,False,None,0,-1,depthwise,None,,0.01723986295328595,0.300000012,256,4,0,3,0,1,nan,(),100,0,1,reg:squarederror,auto,0,0.00475921761,0.0172398631,uniform,1,1,exact,1,None,5819.015380859375,0.16441973265433568,-0.6484760098778422,7108.066815243756,test,xgb,7,Russia
2022-09-07 22:10:36,0.6s,f065b2d63265486a99b0a2ef16949461,Russia.xgb.test,LOCAL,codrift5.py,marabots,FINISHED,0.004759217658861604,0.5,dart,None,1,1,1,None,False,None,0,-1,depthwise,None,,0.01723986295328595,0.300000012,256,4,0,3,0,1,nan,(),100,0,1,reg:squarederror,auto,0,0.00475921761,0.0172398631,uniform,1,1,exact,1,None,5819.015380859375,0.16441973265433568,-0.6484760098778422,7108.066815243756,test,xgb,7,Russia
2022-09-07 22:10:35,0.6s,8c38b4a741ee4c90bc870b742293be68,Russia.xgb.test,LOCAL,codrift5.py,marabots,FINISHED,0.004759217658861604,0.5,dart,None,1,1,1,None,False,None,0,-1,depthwise,None,,0.01723986295328595,0.300000012,256,4,0,3,0,1,nan,(),100,0,1,reg:squarederror,auto,0,0.00475921761,0.0172398631,uniform,1,1,exact,1,None,5819.015380859375,0.16441973265433568,-0.6484760098778422,7108.066815243756,test,xgb,7,Russia
2022-09-07 22:10:35,0.6s,c6b510ddea9a466fbb03a4ee8834fb8b,Russia.xgb.test,LOCAL,codrift5.py,marabots,FINISHED,0.004759217658861604,0.5,dart,None,1,1,1,None,False,None,0,-1,depthwise,None,,0.01723986295328595,0.300000012,256,4,0,3,0,1,nan,(),100,0,1,reg:squarederror,auto,0,0.00475921761,0.0172398631,uniform,1,1,exact,1,None,5819.015380859375,0.16441973265433568,-0.6484760098778422,7108.066815243756,test,xgb,7,Russia
2022-09-07 22:10:34,0.8s,230a06588dcb4d238d34ff34f3552760,Russia.xgb.test,LOCAL,codrift5.py,marabots,FINISHED,0.004759217658861604,0.5,dart,None,1,1,1,None,False,None,0,-1,depthwise,None,,0.01723986295328595,0.300000012,256,4,0,3,0,1,nan,(),100,0,1,reg:squarederror,auto,0,0.00475921761,0.0172398631,uniform,1,1,exact,1,None,5819.015380859375,0.16441973265433568,-0.6484760098778422,7108.066815243756,test,xgb,7,Russia
2022-09-07 22:10:30,0.6s,5b7d7848963b47f797133ee95ada0a0b,India.xgb.test,LOCAL,codrift5.py,marabots,FINISHED,5.858507902254125e-08,0.5,dart,None,1,1,1,None,False,None,0,-1,depthwise,None,,3.399922405527445e-05,0.300000012,256,4,0,7,0,1,nan,(),100,0,1,reg:squarederror,auto,0,5.85850799e-08,3.39992221e-05,uniform,1,1,exact,1,None,2336.4362030029297,0.220612404429167,0.12027177087299123,3237.906185837622,test,xgb,7,India
2022-09-07 22:10:29,0.6s,f54e768c16bb43bf9f3ae61219539bef,India.xgb.test,LOCAL,codrift5.py,marabots,FINISHED,5.858507902254125e-08,0.5,dart,None,1,1,1,None,False,None,0,-1,depthwise,None,,3.399922405527445e-05,0.300000012,256,4,0,7,0,1,nan,(),100,0,1,reg:squarederror,auto,0,5.85850799e-08,3.39992221e-05,uniform,1,1,exact,1,None,2336.4362030029297,0.220612404429167,0.12027177087299123,3237.906185837622,test,xgb,7,India
2022-09-07 22:10:28,0.6s,fb5054dd54f24ac1a6d754ea672c0905,India.xgb.test,LOCAL,codrift5.py,marabots,FINISHED,5.858507902254125e-08,0.5,dart,None,1,1,1,None,False,None,0,-1,depthwise,None,,3.399922405527445e-05,0.300000012,256,4,0,7,0,1,nan,(),100,0,1,reg:squarederror,auto,0,5.85850799e-08,3.39992221e-05,uniform,1,1,exact,1,None,2336.4362030029297,0.220612404429167,0.12027177087299123,3237.906185837622,test,xgb,7,India
2022-09-07 22:10:28,0.6s,2d091f7be0b94e4c9efef328799452bc,India.xgb.test,LOCAL,codrift5.py,marabots,FINISHED,5.858507902254125e-08,0.5,dart,None,1,1,1,None,False,None,0,-1,depthwise,None,,3.399922405527445e-05,0.300000012,256,4,0,7,0,1,nan,(),100,0,1,reg:squarederror,auto,0,5.85850799e-08,3.39992221e-05,uniform,1,1,exact,1,None,2336.4362030029297,0.220612404429167,0.12027177087299123,3237.906185837622,test,xgb,7,India
2022-09-07 22:10:27,0.6s,d40d91e3583a45b2a5b59727e7c061af,India.xgb.test,LOCAL,codrift5.py,marabots,FINISHED,5.858507902254125e-08,0.5,dart,None,1,1,1,None,False,None,0,-1,depthwise,None,,3.399922405527445e-05,0.300000012,256,4,0,7,0,1,nan,(),100,0,1,reg:squarederror,auto,0,5.85850799e-08,3.39992221e-05,uniform,1,1,exact,1,None,2336.4362030029297,0.220612404429167,0.12027177087299123,3237.906185837622,test,xgb,7,India
2022-09-07 22:10:26,0.7s,51f3d9b0d9ea4c6fb3148d054bb2b927,India.xgb.test,LOCAL,codrift5.py,marabots,FINISHED,5.858507902254125e-08,0.5,dart,None,1,1,1,None,False,None,0,-1,depthwise,None,,3.399922405527445e-05,0.300000012,256,4,0,7,0,1,nan,(),100,0,1,reg:squarederror,auto,0,5.85850799e-08,3.39992221e-05,uniform,1,1,exact,1,None,2336.4362030029297,0.220612404429167,0.12027177087299123,3237.906185837622,test,xgb,7,India
2022-09-07 22:10:26,0.6s,da0270310ace41debdefef5fa0bd3a3b,India.xgb.test,LOCAL,codrift5.py,marabots,FINISHED,5.858507902254125e-08,0.5,dart,None,1,1,1,None,False,None,0,-1,depthwise,None,,3.399922405527445e-05,0.300000012,256,4,0,7,0,1,nan,(),100,0,1,reg:squarederror,auto,0,5.85850799e-08,3.39992221e-05,uniform,1,1,exact,1,None,2336.4362030029297,0.220612404429167,0.12027177087299123,3237.906185837622,test,xgb,7,India
2022-09-07 22:10:25,0.6s,c526fc1ff3a0452d86d48db9db38f072,India.xgb.test,LOCAL,codrift5.py,marabots,FINISHED,5.858507902254125e-08,0.5,dart,None,1,1,1,None,False,None,0,-1,depthwise,None,,3.399922405527445e-05,0.300000012,256,4,0,7,0,1,nan,(),100,0,1,reg:squarederror,auto,0,5.85850799e-08,3.39992221e-05,uniform,1,1,exact,1,None,2336.4362030029297,0.220612404429167,0.12027177087299123,3237.906185837622,test,xgb,7,India
2022-09-07 22:10:25,0.6s,827fb2e24a384e609c78749c8a21f0eb,India.xgb.test,LOCAL,codrift5.py,marabots,FINISHED,5.858507902254125e-08,0.5,dart,None,1,1,1,None,False,None,0,-1,depthwise,None,,3.399922405527445e-05,0.300000012,256,4,0,7,0,1,nan,(),100,0,1,reg:squarederror,auto,0,5.85850799e-08,3.39992221e-05,uniform,1,1,exact,1,None,2336.4362030029297,0.220612404429167,0.12027177087299123,3237.906185837622,test,xgb,7,India
2022-09-07 22:10:24,0.8s,b796c46be52c47e6955f58f96e94a288,India.xgb.test,LOCAL,codrift5.py,marabots,FINISHED,5.858507902254125e-08,0.5,dart,None,1,1,1,None,False,None,0,-1,depthwise,None,,3.399922405527445e-05,0.300000012,256,4,0,7,0,1,nan,(),100,0,1,reg:squarederror,auto,0,5.85850799e-08,3.39992221e-05,uniform,1,1,exact,1,None,2336.4362030029297,0.220612404429167,0.12027177087299123,3237.906185837622,test,xgb,7,India
2022-09-07 22:10:19,469ms,75725d8d725e4db7869fc23da1f48279,South Africa.xgb.test,LOCAL,codrift5.py,marabots,FINISHED,3.6192937828758704e-05,0.5,gbtree,None,1,1,1,None,False,None,0,-1,depthwise,None,,0.022474513712629488,0.300000012,256,4,0,5,0,1,nan,(),100,0,1,reg:squarederror,auto,0,3.61929378e-05,0.0224745143,uniform,1,1,exact,1,None,2812.353391647339,0.5145935095042653,0.6994839749594436,4941.871095734377,test,xgb,7,South Africa
2022-09-07 22:10:19,468ms,094d9c4cad1e4408a5890120a8597cd7,South Africa.xgb.test,LOCAL,codrift5.py,marabots,FINISHED,3.6192937828758704e-05,0.5,gbtree,None,1,1,1,None,False,None,0,-1,depthwise,None,,0.022474513712629488,0.300000012,256,4,0,5,0,1,nan,(),100,0,1,reg:squarederror,auto,0,3.61929378e-05,0.0224745143,uniform,1,1,exact,1,None,2812.353391647339,0.5145935095042653,0.6994839749594436,4941.871095734377,test,xgb,7,South Africa
2022-09-07 22:10:18,478ms,c7ff1f2b9055438a96ed59c0cf0c4049,South Africa.xgb.test,LOCAL,codrift5.py,marabots,FINISHED,3.6192937828758704e-05,0.5,gbtree,None,1,1,1,None,False,None,0,-1,depthwise,None,,0.022474513712629488,0.300000012,256,4,0,5,0,1,nan,(),100,0,1,reg:squarederror,auto,0,3.61929378e-05,0.0224745143,uniform,1,1,exact,1,None,2812.353391647339,0.5145935095042653,0.6994839749594436,4941.871095734377,test,xgb,7,South Africa
2022-09-07 22:10:18,479ms,781870c91e134ca78bd9f460e4fdfc14,South Africa.xgb.test,LOCAL,codrift5.py,marabots,FINISHED,3.6192937828758704e-05,0.5,gbtree,None,1,1,1,None,False,None,0,-1,depthwise,None,,0.022474513712629488,0.300000012,256,4,0,5,0,1,nan,(),100,0,1,reg:squarederror,auto,0,3.61929378e-05,0.0224745143,uniform,1,1,exact,1,None,2812.353391647339,0.5145935095042653,0.6994839749594436,4941.871095734377,test,xgb,7,South Africa
2022-09-07 22:10:17,478ms,57c94a8bed7c48809088ae9a0e8321f3,South Africa.xgb.test,LOCAL,codrift5.py,marabots,FINISHED,3.6192937828758704e-05,0.5,gbtree,None,1,1,1,None,False,None,0,-1,depthwise,None,,0.022474513712629488,0.300000012,256,4,0,5,0,1,nan,(),100,0,1,reg:squarederror,auto,0,3.61929378e-05,0.0224745143,uniform,1,1,exact,1,None,2812.353391647339,0.5145935095042653,0.6994839749594436,4941.871095734377,test,xgb,7,South Africa
2022-09-07 22:10:17,0.6s,da2698a90dc0493d8ee1286de613c636,South Africa.xgb.test,LOCAL,codrift5.py,marabots,FINISHED,3.6192937828758704e-05,0.5,gbtree,None,1,1,1,None,False,None,0,-1,depthwise,None,,0.022474513712629488,0.300000012,256,4,0,5,0,1,nan,(),100,0,1,reg:squarederror,auto,0,3.61929378e-05,0.0224745143,uniform,1,1,exact,1,None,2812.353391647339,0.5145935095042653,0.6994839749594436,4941.871095734377,test,xgb,7,South Africa
2022-09-07 22:10:16,478ms,59f29d052195442b91cfea91327c2bd9,South Africa.xgb.test,LOCAL,codrift5.py,marabots,FINISHED,3.6192937828758704e-05,0.5,gbtree,None,1,1,1,None,False,None,0,-1,depthwise,None,,0.022474513712629488,0.300000012,256,4,0,5,0,1,nan,(),100,0,1,reg:squarederror,auto,0,3.61929378e-05,0.0224745143,uniform,1,1,exact,1,None,2812.353391647339,0.5145935095042653,0.6994839749594436,4941.871095734377,test,xgb,7,South Africa
2022-09-07 22:10:16,478ms,0c0f624c97164f5281e7ccabf8f0b062,South Africa.xgb.test,LOCAL,codrift5.py,marabots,FINISHED,3.6192937828758704e-05,0.5,gbtree,None,1,1,1,None,False,None,0,-1,depthwise,None,,0.022474513712629488,0.300000012,256,4,0,5,0,1,nan,(),100,0,1,reg:squarederror,auto,0,3.61929378e-05,0.0224745143,uniform,1,1,exact,1,None,2812.353391647339,0.5145935095042653,0.6994839749594436,4941.871095734377,test,xgb,7,South Africa
2022-09-07 22:10:15,477ms,7876b1a60c5d43978a19c252f54339d3,South Africa.xgb.test,LOCAL,codrift5.py,marabots,FINISHED,3.6192937828758704e-05,0.5,gbtree,None,1,1,1,None,False,None,0,-1,depthwise,None,,0.022474513712629488,0.300000012,256,4,0,5,0,1,nan,(),100,0,1,reg:squarederror,auto,0,3.61929378e-05,0.0224745143,uniform,1,1,exact,1,None,2812.353391647339,0.5145935095042653,0.6994839749594436,4941.871095734377,test,xgb,7,South Africa
2022-09-07 22:10:15,0.7s,65e867785cf64be5bfc3d9089274c3cc,South Africa.xgb.test,LOCAL,codrift5.py,marabots,FINISHED,3.6192937828758704e-05,0.5,gbtree,None,1,1,1,None,False,None,0,-1,depthwise,None,,0.022474513712629488,0.300000012,256,4,0,5,0,1,nan,(),100,0,1,reg:squarederror,auto,0,3.61929378e-05,0.0224745143,uniform,1,1,exact,1,None,2812.353391647339,0.5145935095042653,0.6994839749594436,4941.871095734377,test,xgb,7,South Africa
2022-09-07 22:10:10,457ms,d9da2aab39e34d2a857ee0168e8bc21b,France.xgb.test,LOCAL,codrift5.py,marabots,FINISHED,0.4526785541854624,0.5,gbtree,None,1,1,1,None,False,None,0,-1,depthwise,None,,0.0008699065972690631,0.300000012,256,4,0,5,0,1,nan,(),100,0,1,reg:squarederror,auto,0,0.452678561,0.000869906624,uniform,1,1,exact,1,None,26507.575590133667,0.5489051514997374,-0.10844079797834594,51341.16141051114,test,xgb,7,France
2022-09-07 22:10:10,455ms,b1f10f7724564f57964dd79bfd5fee71,France.xgb.test,LOCAL,codrift5.py,marabots,FINISHED,0.4526785541854624,0.5,gbtree,None,1,1,1,None,False,None,0,-1,depthwise,None,,0.0008699065972690631,0.300000012,256,4,0,5,0,1,nan,(),100,0,1,reg:squarederror,auto,0,0.452678561,0.000869906624,uniform,1,1,exact,1,None,26507.575590133667,0.5489051514997374,-0.10844079797834594,51341.16141051114,test,xgb,7,France
2022-09-07 22:10:09,454ms,5dce95b54f6c495dbced17eb258323bb,France.xgb.test,LOCAL,codrift5.py,marabots,FINISHED,0.4526785541854624,0.5,gbtree,None,1,1,1,None,False,None,0,-1,depthwise,None,,0.0008699065972690631,0.300000012,256,4,0,5,0,1,nan,(),100,0,1,reg:squarederror,auto,0,0.452678561,0.000869906624,uniform,1,1,exact,1,None,26507.575590133667,0.5489051514997374,-0.10844079797834594,51341.16141051114,test,xgb,7,France
2022-09-07 22:10:09,456ms,68d51a6669244c60b3d4900ce4838ca1,France.xgb.test,LOCAL,codrift5.py,marabots,FINISHED,0.4526785541854624,0.5,gbtree,None,1,1,1,None,False,None,0,-1,depthwise,None,,0.0008699065972690631,0.300000012,256,4,0,5,0,1,nan,(),100,0,1,reg:squarederror,auto,0,0.452678561,0.000869906624,uniform,1,1,exact,1,None,26507.575590133667,0.5489051514997374,-0.10844079797834594,51341.16141051114,test,xgb,7,France
2022-09-07 22:10:08,455ms,cf7f0f1654f14c259d38c1b67f4e4be4,France.xgb.test,LOCAL,codrift5.py,marabots,FINISHED,0.4526785541854624,0.5,gbtree,None,1,1,1,None,False,None,0,-1,depthwise,None,,0.0008699065972690631,0.300000012,256,4,0,5,0,1,nan,(),100,0,1,reg:squarederror,auto,0,0.452678561,0.000869906624,uniform,1,1,exact,1,None,26507.575590133667,0.5489051514997374,-0.10844079797834594,51341.16141051114,test,xgb,7,France
2022-09-07 22:10:08,0.6s,c0ffe8a6603648f1ab2f11c91122d1e6,France.xgb.test,LOCAL,codrift5.py,marabots,FINISHED,0.4526785541854624,0.5,gbtree,None,1,1,1,None,False,None,0,-1,depthwise,None,,0.0008699065972690631,0.300000012,256,4,0,5,0,1,nan,(),100,0,1,reg:squarederror,auto,0,0.452678561,0.000869906624,uniform,1,1,exact,1,None,26507.575590133667,0.5489051514997374,-0.10844079797834594,51341.16141051114,test,xgb,7,France
2022-09-07 22:10:07,456ms,bf9659d50e1e42d5a8105ea897c7febf,France.xgb.test,LOCAL,codrift5.py,marabots,FINISHED,0.4526785541854624,0.5,gbtree,None,1,1,1,None,False,None,0,-1,depthwise,None,,0.0008699065972690631,0.300000012,256,4,0,5,0,1,nan,(),100,0,1,reg:squarederror,auto,0,0.452678561,0.000869906624,uniform,1,1,exact,1,None,26507.575590133667,0.5489051514997374,-0.10844079797834594,51341.16141051114,test,xgb,7,France
2022-09-07 22:10:07,460ms,fdfee939f6e24694b597fb722e00c33c,France.xgb.test,LOCAL,codrift5.py,marabots,FINISHED,0.4526785541854624,0.5,gbtree,None,1,1,1,None,False,None,0,-1,depthwise,None,,0.0008699065972690631,0.300000012,256,4,0,5,0,1,nan,(),100,0,1,reg:squarederror,auto,0,0.452678561,0.000869906624,uniform,1,1,exact,1,None,26507.575590133667,0.5489051514997374,-0.10844079797834594,51341.16141051114,test,xgb,7,France
2022-09-07 22:10:06,455ms,9306421b1e8d483aa934a64e9a2a921c,France.xgb.test,LOCAL,codrift5.py,marabots,FINISHED,0.4526785541854624,0.5,gbtree,None,1,1,1,None,False,None,0,-1,depthwise,None,,0.0008699065972690631,0.300000012,256,4,0,5,0,1,nan,(),100,0,1,reg:squarederror,auto,0,0.452678561,0.000869906624,uniform,1,1,exact,1,None,26507.575590133667,0.5489051514997374,-0.10844079797834594,51341.16141051114,test,xgb,7,France
2022-09-07 22:10:06,0.7s,a88c21efe1ea49088a275c3f3cfea084,France.xgb.test,LOCAL,codrift5.py,marabots,FINISHED,0.4526785541854624,0.5,gbtree,None,1,1,1,None,False,None,0,-1,depthwise,None,,0.0008699065972690631,0.300000012,256,4,0,5,0,1,nan,(),100,0,1,reg:squarederror,auto,0,0.452678561,0.000869906624,uniform,1,1,exact,1,None,26507.575590133667,0.5489051514997374,-0.10844079797834594,51341.16141051114,test,xgb,7,France
2022-09-07 22:10:01,492ms,a4883bcbfcf84bf7a7e4d27f473344c2,Italy.xgb.test,LOCAL,codrift5.py,marabots,FINISHED,0.00033955999287205987,0.5,gbtree,None,1,1,1,None,False,None,0,-1,depthwise,None,,0.35881194195016053,0.300000012,256,4,0,8,0,1,nan,(),100,0,1,reg:squarederror,auto,0,0.000339560007,0.358811945,uniform,1,1,exact,1,None,7799.870506286621,0.21910936079573,0.3166594700774673,21912.005639893654,test,xgb,7,Italy
2022-09-07 22:10:01,488ms,bf5ddce9dc964068a8fcf90826da6837,Italy.xgb.test,LOCAL,codrift5.py,marabots,FINISHED,0.00033955999287205987,0.5,gbtree,None,1,1,1,None,False,None,0,-1,depthwise,None,,0.35881194195016053,0.300000012,256,4,0,8,0,1,nan,(),100,0,1,reg:squarederror,auto,0,0.000339560007,0.358811945,uniform,1,1,exact,1,None,7799.870506286621,0.21910936079573,0.3166594700774673,21912.005639893654,test,xgb,7,Italy
2022-09-07 22:10:00,490ms,cef4e5df2420486db89b2a24fcc5605b,Italy.xgb.test,LOCAL,codrift5.py,marabots,FINISHED,0.00033955999287205987,0.5,gbtree,None,1,1,1,None,False,None,0,-1,depthwise,None,,0.35881194195016053,0.300000012,256,4,0,8,0,1,nan,(),100,0,1,reg:squarederror,auto,0,0.000339560007,0.358811945,uniform,1,1,exact,1,None,7799.870506286621,0.21910936079573,0.3166594700774673,21912.005639893654,test,xgb,7,Italy
2022-09-07 22:10:00,488ms,f8117eb7d3604818a2d748a75fe48e0c,Italy.xgb.test,LOCAL,codrift5.py,marabots,FINISHED,0.00033955999287205987,0.5,gbtree,None,1,1,1,None,False,None,0,-1,depthwise,None,,0.35881194195016053,0.300000012,256,4,0,8,0,1,nan,(),100,0,1,reg:squarederror,auto,0,0.000339560007,0.358811945,uniform,1,1,exact,1,None,7799.870506286621,0.21910936079573,0.3166594700774673,21912.005639893654,test,xgb,7,Italy
2022-09-07 22:09:59,490ms,bce5f035cfa649af88340e27d0d03b4c,Italy.xgb.test,LOCAL,codrift5.py,marabots,FINISHED,0.00033955999287205987,0.5,gbtree,None,1,1,1,None,False,None,0,-1,depthwise,None,,0.35881194195016053,0.300000012,256,4,0,8,0,1,nan,(),100,0,1,reg:squarederror,auto,0,0.000339560007,0.358811945,uniform,1,1,exact,1,None,7799.870506286621,0.21910936079573,0.3166594700774673,21912.005639893654,test,xgb,7,Italy
2022-09-07 22:09:59,0.6s,c17195ba20f44c60b6759548e9390206,Italy.xgb.test,LOCAL,codrift5.py,marabots,FINISHED,0.00033955999287205987,0.5,gbtree,None,1,1,1,None,False,None,0,-1,depthwise,None,,0.35881194195016053,0.300000012,256,4,0,8,0,1,nan,(),100,0,1,reg:squarederror,auto,0,0.000339560007,0.358811945,uniform,1,1,exact,1,None,7799.870506286621,0.21910936079573,0.3166594700774673,21912.005639893654,test,xgb,7,Italy
2022-09-07 22:09:58,489ms,8ab9f1ddd26a48b4b51e0bda093a9d39,Italy.xgb.test,LOCAL,codrift5.py,marabots,FINISHED,0.00033955999287205987,0.5,gbtree,None,1,1,1,None,False,None,0,-1,depthwise,None,,0.35881194195016053,0.300000012,256,4,0,8,0,1,nan,(),100,0,1,reg:squarederror,auto,0,0.000339560007,0.358811945,uniform,1,1,exact,1,None,7799.870506286621,0.21910936079573,0.3166594700774673,21912.005639893654,test,xgb,7,Italy
2022-09-07 22:09:58,489ms,cfb04455e1b0480c88c27212b181090d,Italy.xgb.test,LOCAL,codrift5.py,marabots,FINISHED,0.00033955999287205987,0.5,gbtree,None,1,1,1,None,False,None,0,-1,depthwise,None,,0.35881194195016053,0.300000012,256,4,0,8,0,1,nan,(),100,0,1,reg:squarederror,auto,0,0.000339560007,0.358811945,uniform,1,1,exact,1,None,7799.870506286621,0.21910936079573,0.3166594700774673,21912.005639893654,test,xgb,7,Italy
2022-09-07 22:09:57,490ms,1cdcacc05caf44789ac654eacfe2b32f,Italy.xgb.test,LOCAL,codrift5.py,marabots,FINISHED,0.00033955999287205987,0.5,gbtree,None,1,1,1,None,False,None,0,-1,depthwise,None,,0.35881194195016053,0.300000012,256,4,0,8,0,1,nan,(),100,0,1,reg:squarederror,auto,0,0.000339560007,0.358811945,uniform,1,1,exact,1,None,7799.870506286621,0.21910936079573,0.3166594700774673,21912.005639893654,test,xgb,7,Italy
2022-09-07 22:09:56,0.7s,25b4deabd615415f99eb9ccb57d06140,Italy.xgb.test,LOCAL,codrift5.py,marabots,FINISHED,0.00033955999287205987,0.5,gbtree,None,1,1,1,None,False,None,0,-1,depthwise,None,,0.35881194195016053,0.300000012,256,4,0,8,0,1,nan,(),100,0,1,reg:squarederror,auto,0,0.000339560007,0.358811945,uniform,1,1,exact,1,None,7799.870506286621,0.21910936079573,0.3166594700774673,21912.005639893654,test,xgb,7,Italy
2022-09-07 22:09:52,0.6s,563ec25b36314a88bca06c3a409e6e07,United Kingdom.xgb.test,LOCAL,codrift5.py,marabots,FINISHED,3.798204942919642e-06,0.5,dart,None,1,1,1,None,False,None,0,-1,depthwise,None,,0.009704996521971968,0.300000012,256,4,0,7,0,1,nan,(),100,0,1,reg:squarederror,auto,0,3.79820494e-06,0.00970499683,uniform,1,1,exact,1,None,22873.022521972656,0.2376702803928997,-0.20617336610470294,42343.56416523679,test,xgb,7,United Kingdom
2022-09-07 22:09:51,0.6s,c4d67db9d54141559363374e74d9756d,United Kingdom.xgb.test,LOCAL,codrift5.py,marabots,FINISHED,3.798204942919642e-06,0.5,dart,None,1,1,1,None,False,None,0,-1,depthwise,None,,0.009704996521971968,0.300000012,256,4,0,7,0,1,nan,(),100,0,1,reg:squarederror,auto,0,3.79820494e-06,0.00970499683,uniform,1,1,exact,1,None,22873.022521972656,0.2376702803928997,-0.20617336610470294,42343.56416523679,test,xgb,7,United Kingdom
2022-09-07 22:09:51,0.6s,8b03f341ba2646ba97bbe7682e51e01a,United Kingdom.xgb.test,LOCAL,codrift5.py,marabots,FINISHED,3.798204942919642e-06,0.5,dart,None,1,1,1,None,False,None,0,-1,depthwise,None,,0.009704996521971968,0.300000012,256,4,0,7,0,1,nan,(),100,0,1,reg:squarederror,auto,0,3.79820494e-06,0.00970499683,uniform,1,1,exact,1,None,22873.022521972656,0.2376702803928997,-0.20617336610470294,42343.56416523679,test,xgb,7,United Kingdom
2022-09-07 22:09:50,0.6s,3596152af6534bc88b0e024514c2020a,United Kingdom.xgb.test,LOCAL,codrift5.py,marabots,FINISHED,3.798204942919642e-06,0.5,dart,None,1,1,1,None,False,None,0,-1,depthwise,None,,0.009704996521971968,0.300000012,256,4,0,7,0,1,nan,(),100,0,1,reg:squarederror,auto,0,3.79820494e-06,0.00970499683,uniform,1,1,exact,1,None,22873.022521972656,0.2376702803928997,-0.20617336610470294,42343.56416523679,test,xgb,7,United Kingdom
2022-09-07 22:09:49,0.6s,60c75ea7f550431ea6eb66bd194c8af5,United Kingdom.xgb.test,LOCAL,codrift5.py,marabots,FINISHED,3.798204942919642e-06,0.5,dart,None,1,1,1,None,False,None,0,-1,depthwise,None,,0.009704996521971968,0.300000012,256,4,0,7,0,1,nan,(),100,0,1,reg:squarederror,auto,0,3.79820494e-06,0.00970499683,uniform,1,1,exact,1,None,22873.022521972656,0.2376702803928997,-0.20617336610470294,42343.56416523679,test,xgb,7,United Kingdom
2022-09-07 22:09:49,0.7s,5cbfea1bd4e94cd1a6ca1c2a2d89e3b1,United Kingdom.xgb.test,LOCAL,codrift5.py,marabots,FINISHED,3.798204942919642e-06,0.5,dart,None,1,1,1,None,False,None,0,-1,depthwise,None,,0.009704996521971968,0.300000012,256,4,0,7,0,1,nan,(),100,0,1,reg:squarederror,auto,0,3.79820494e-06,0.00970499683,uniform,1,1,exact,1,None,22873.022521972656,0.2376702803928997,-0.20617336610470294,42343.56416523679,test,xgb,7,United Kingdom
2022-09-07 22:09:48,0.6s,6bb43fed29b84e12a6897a9db50e0a4f,United Kingdom.xgb.test,LOCAL,codrift5.py,marabots,FINISHED,3.798204942919642e-06,0.5,dart,None,1,1,1,None,False,None,0,-1,depthwise,None,,0.009704996521971968,0.300000012,256,4,0,7,0,1,nan,(),100,0,1,reg:squarederror,auto,0,3.79820494e-06,0.00970499683,uniform,1,1,exact,1,None,22873.022521972656,0.2376702803928997,-0.20617336610470294,42343.56416523679,test,xgb,7,United Kingdom
2022-09-07 22:09:47,0.6s,f09b8168c19c46a5ba994960b8b5818f,United Kingdom.xgb.test,LOCAL,codrift5.py,marabots,FINISHED,3.798204942919642e-06,0.5,dart,None,1,1,1,None,False,None,0,-1,depthwise,None,,0.009704996521971968,0.300000012,256,4,0,7,0,1,nan,(),100,0,1,reg:squarederror,auto,0,3.79820494e-06,0.00970499683,uniform,1,1,exact,1,None,22873.022521972656,0.2376702803928997,-0.20617336610470294,42343.56416523679,test,xgb,7,United Kingdom
2022-09-07 22:09:47,0.6s,a9a74e937eb84d1491a8ff41e8aaca06,United Kingdom.xgb.test,LOCAL,codrift5.py,marabots,FINISHED,3.798204942919642e-06,0.5,dart,None,1,1,1,None,False,None,0,-1,depthwise,None,,0.009704996521971968,0.300000012,256,4,0,7,0,1,nan,(),100,0,1,reg:squarederror,auto,0,3.79820494e-06,0.00970499683,uniform,1,1,exact,1,None,22873.022521972656,0.2376702803928997,-0.20617336610470294,42343.56416523679,test,xgb,7,United Kingdom
2022-09-07 22:09:46,0.8s,eb62a1ce30c940ed9038f84a05c3e3df,United Kingdom.xgb.test,LOCAL,codrift5.py,marabots,FINISHED,3.798204942919642e-06,0.5,dart,None,1,1,1,None,False,None,0,-1,depthwise,None,,0.009704996521971968,0.300000012,256,4,0,7,0,1,nan,(),100,0,1,reg:squarederror,auto,0,3.79820494e-06,0.00970499683,uniform,1,1,exact,1,None,22873.022521972656,0.2376702803928997,-0.20617336610470294,42343.56416523679,test,xgb,7,United Kingdom
2022-09-07 22:09:42,0.5s,6154a9d96e7d4a3aba5f0794b05f7fcd,US.xgb.test,LOCAL,codrift5.py,marabots,FINISHED,0.011135912427355392,0.5,gblinear,None,None,None,None,None,False,None,None,-1,None,None,None,0.9700476226914211,0.5,None,None,None,4,None,None,nan,None,100,0,None,reg:squarederror,None,0,0,0,None,1,None,None,1,None,65188.64270019531,0.4983457037509047,0.26317375901485285,102622.54208313306,test,xgb,7,US
2022-09-07 22:09:41,434ms,8c14ea7189d24b3cbbf238e0e79d29cb,US.xgb.test,LOCAL,codrift5.py,marabots,FINISHED,0.011135912427355392,0.5,gblinear,None,None,None,None,None,False,None,None,-1,None,None,None,0.9700476226914211,0.5,None,None,None,4,None,None,nan,None,100,0,None,reg:squarederror,None,0,0,0,None,1,None,None,1,None,65188.642822265625,0.49834570552691204,0.26317375891413153,102622.54209014711,test,xgb,7,US
2022-09-07 22:09:41,432ms,8ea725c6215b43318935631c976a36fd,US.xgb.test,LOCAL,codrift5.py,marabots,FINISHED,0.011135912427355392,0.5,gblinear,None,None,None,None,None,False,None,None,-1,None,None,None,0.9700476226914211,0.5,None,None,None,4,None,None,nan,None,100,0,None,reg:squarederror,None,0,0,0,None,1,None,None,1,None,65188.642822265625,0.49834570552691204,0.26317375891413153,102622.54209014711,test,xgb,7,US
2022-09-07 22:09:40,435ms,6a5fd65d63094d5b906fc31a18f68b2a,US.xgb.test,LOCAL,codrift5.py,marabots,FINISHED,0.011135912427355392,0.5,gblinear,None,None,None,None,None,False,None,None,-1,None,None,None,0.9700476226914211,0.5,None,None,None,4,None,None,nan,None,100,0,None,reg:squarederror,None,0,0,0,None,1,None,None,1,None,65188.642822265625,0.49834570552691204,0.26317375891413153,102622.54209014711,test,xgb,7,US
2022-09-07 22:09:40,433ms,45e2657d128f4bbe9c78df9cdfb400ad,US.xgb.test,LOCAL,codrift5.py,marabots,FINISHED,0.011135912427355392,0.5,gblinear,None,None,None,None,None,False,None,None,-1,None,None,None,0.9700476226914211,0.5,None,None,None,4,None,None,nan,None,100,0,None,reg:squarederror,None,0,0,0,None,1,None,None,1,None,65188.64270019531,0.4983457037509047,0.26317375901485285,102622.54208313306,test,xgb,7,US
2022-09-07 22:09:39,433ms,bdfffdd9f921465eb466520ce70b796d,US.xgb.test,LOCAL,codrift5.py,marabots,FINISHED,0.011135912427355392,0.5,gblinear,None,None,None,None,None,False,None,None,-1,None,None,None,0.9700476226914211,0.5,None,None,None,4,None,None,nan,None,100,0,None,reg:squarederror,None,0,0,0,None,1,None,None,1,None,65188.64245605469,0.4983457007529968,0.2631737592715234,102622.54206525898,test,xgb,7,US
2022-09-07 22:09:39,0.6s,44110119fda94293bc221ffb3cf8c14c,US.xgb.test,LOCAL,codrift5.py,marabots,FINISHED,0.011135912427355392,0.5,gblinear,None,None,None,None,None,False,None,None,-1,None,None,None,0.9700476226914211,0.5,None,None,None,4,None,None,nan,None,100,0,None,reg:squarederror,None,0,0,0,None,1,None,None,1,None,65188.642822265625,0.49834570552691204,0.26317375891413153,102622.54209014711,test,xgb,7,US
2022-09-07 22:09:38,436ms,469faf46b1f841519abca8f7175f3239,US.xgb.test,LOCAL,codrift5.py,marabots,FINISHED,0.011135912427355392,0.5,gblinear,None,None,None,None,None,False,None,None,-1,None,None,None,0.9700476226914211,0.5,None,None,None,4,None,None,nan,None,100,0,None,reg:squarederror,None,0,0,0,None,1,None,None,1,None,65188.64270019531,0.4983457037509047,0.26317375901485285,102622.54208313306,test,xgb,7,US
2022-09-07 22:09:38,437ms,2b019040a36644d285f34ed1fff7fa7a,US.xgb.test,LOCAL,codrift5.py,marabots,FINISHED,0.011135912427355392,0.5,gblinear,None,None,None,None,None,False,None,None,-1,None,None,None,0.9700476226914211,0.5,None,None,None,4,None,None,nan,None,100,0,None,reg:squarederror,None,0,0,0,None,1,None,None,1,None,65188.64270019531,0.4983457037509047,0.26317375901485285,102622.54208313306,test,xgb,7,US
2022-09-07 22:09:37,0.7s,6dd9de6782994f5fae3d6caaefdbf256,US.xgb.test,LOCAL,codrift5.py,marabots,FINISHED,0.011135912427355392,0.5,gblinear,None,None,None,None,None,False,None,None,-1,None,None,None,0.9700476226914211,0.5,None,None,None,4,None,None,nan,None,100,0,None,reg:squarederror,None,0,0,0,None,1,None,None,1,None,65188.642822265625,0.49834570552691204,0.26317375891413153,102622.54209014711,test,xgb,7,US
2022-09-07 22:09:33,0.7s,7d5f4e0159aa4594ba79df220ea821b2,Mexico.xgb.test,LOCAL,codrift5.py,marabots,FINISHED,0.06573653570685056,0.5,dart,None,1,1,1,None,False,None,0,-1,depthwise,None,,0.0015319959851651695,0.300000012,256,4,0,2,0,1,nan,(),100,0,1,reg:squarederror,auto,0,0.0657365322,0.00153199595,uniform,1,1,exact,1,None,2214.8998699188232,0.6919479058486401,-0.14285827912817473,3119.843565187112,test,xgb,7,Mexico
2022-09-07 22:09:32,0.6s,04e7cc17c3414786a264cfd01e27f447,Mexico.xgb.test,LOCAL,codrift5.py,marabots,FINISHED,0.06573653570685056,0.5,dart,None,1,1,1,None,False,None,0,-1,depthwise,None,,0.0015319959851651695,0.300000012,256,4,0,2,0,1,nan,(),100,0,1,reg:squarederror,auto,0,0.0657365322,0.00153199595,uniform,1,1,exact,1,None,2214.8998699188232,0.6919479058486401,-0.14285827912817473,3119.843565187112,test,xgb,7,Mexico
2022-09-07 22:09:32,0.6s,7f2c211eb7184d08a4a8eff1e6a65f42,Mexico.xgb.test,LOCAL,codrift5.py,marabots,FINISHED,0.06573653570685056,0.5,dart,None,1,1,1,None,False,None,0,-1,depthwise,None,,0.0015319959851651695,0.300000012,256,4,0,2,0,1,nan,(),100,0,1,reg:squarederror,auto,0,0.0657365322,0.00153199595,uniform,1,1,exact,1,None,2214.8998699188232,0.6919479058486401,-0.14285827912817473,3119.843565187112,test,xgb,7,Mexico
2022-09-07 22:09:31,0.6s,25d836a91c854922b4afbaf4674be05a,Mexico.xgb.test,LOCAL,codrift5.py,marabots,FINISHED,0.06573653570685056,0.5,dart,None,1,1,1,None,False,None,0,-1,depthwise,None,,0.0015319959851651695,0.300000012,256,4,0,2,0,1,nan,(),100,0,1,reg:squarederror,auto,0,0.0657365322,0.00153199595,uniform,1,1,exact,1,None,2214.8998699188232,0.6919479058486401,-0.14285827912817473,3119.843565187112,test,xgb,7,Mexico
2022-09-07 22:09:30,0.6s,ba3b30e7e07645fc941931b9fe8a721b,Mexico.xgb.test,LOCAL,codrift5.py,marabots,FINISHED,0.06573653570685056,0.5,dart,None,1,1,1,None,False,None,0,-1,depthwise,None,,0.0015319959851651695,0.300000012,256,4,0,2,0,1,nan,(),100,0,1,reg:squarederror,auto,0,0.0657365322,0.00153199595,uniform,1,1,exact,1,None,2214.8998699188232,0.6919479058486401,-0.14285827912817473,3119.843565187112,test,xgb,7,Mexico
2022-09-07 22:09:30,0.7s,cfea93aaf07a4caaa160490d8628b2cf,Mexico.xgb.test,LOCAL,codrift5.py,marabots,FINISHED,0.06573653570685056,0.5,dart,None,1,1,1,None,False,None,0,-1,depthwise,None,,0.0015319959851651695,0.300000012,256,4,0,2,0,1,nan,(),100,0,1,reg:squarederror,auto,0,0.0657365322,0.00153199595,uniform,1,1,exact,1,None,2214.8998699188232,0.6919479058486401,-0.14285827912817473,3119.843565187112,test,xgb,7,Mexico
2022-09-07 22:09:29,0.6s,23cb5453e9e4486cad0e6ac32adf8ca5,Mexico.xgb.test,LOCAL,codrift5.py,marabots,FINISHED,0.06573653570685056,0.5,dart,None,1,1,1,None,False,None,0,-1,depthwise,None,,0.0015319959851651695,0.300000012,256,4,0,2,0,1,nan,(),100,0,1,reg:squarederror,auto,0,0.0657365322,0.00153199595,uniform,1,1,exact,1,None,2214.8998699188232,0.6919479058486401,-0.14285827912817473,3119.843565187112,test,xgb,7,Mexico
2022-09-07 22:09:29,0.6s,9a2fe3a9cf5848d482c23e254a50a8f8,Mexico.xgb.test,LOCAL,codrift5.py,marabots,FINISHED,0.06573653570685056,0.5,dart,None,1,1,1,None,False,None,0,-1,depthwise,None,,0.0015319959851651695,0.300000012,256,4,0,2,0,1,nan,(),100,0,1,reg:squarederror,auto,0,0.0657365322,0.00153199595,uniform,1,1,exact,1,None,2214.8998699188232,0.6919479058486401,-0.14285827912817473,3119.843565187112,test,xgb,7,Mexico
2022-09-07 22:09:28,0.6s,bc317c1afbc844c585550ede2e8143ca,Mexico.xgb.test,LOCAL,codrift5.py,marabots,FINISHED,0.06573653570685056,0.5,dart,None,1,1,1,None,False,None,0,-1,depthwise,None,,0.0015319959851651695,0.300000012,256,4,0,2,0,1,nan,(),100,0,1,reg:squarederror,auto,0,0.0657365322,0.00153199595,uniform,1,1,exact,1,None,2214.8998699188232,0.6919479058486401,-0.14285827912817473,3119.843565187112,test,xgb,7,Mexico
2022-09-07 22:09:27,0.8s,68aca74c902a4105a547370735f02122,Mexico.xgb.test,LOCAL,codrift5.py,marabots,FINISHED,0.06573653570685056,0.5,dart,None,1,1,1,None,False,None,0,-1,depthwise,None,,0.0015319959851651695,0.300000012,256,4,0,2,0,1,nan,(),100,0,1,reg:squarederror,auto,0,0.0657365322,0.00153199595,uniform,1,1,exact,1,None,2214.8998699188232,0.6919479058486401,-0.14285827912817473,3119.843565187112,test,xgb,7,Mexico
2022-09-07 22:09:23,0.7s,6809eadc941a4ec7b049a1b216405b9d,Brazil.xgb.test,LOCAL,codrift5.py,marabots,FINISHED,6.641619720966648e-08,0.5,dart,None,1,1,1,None,False,None,0,-1,depthwise,None,,0.18907373591694407,0.300000012,256,4,0,4,0,1,nan,(),100,0,1,reg:squarederror,auto,0,6.64161988e-08,0.189073741,uniform,1,1,exact,1,None,3068.3274688720703,0.6756946485922463,0.11582506863855058,3773.1776743358273,test,xgb,7,Brazil
2022-09-07 22:09:22,0.6s,0208d56a70c74fdba33319cafdde2dc7,Brazil.xgb.test,LOCAL,codrift5.py,marabots,FINISHED,6.641619720966648e-08,0.5,dart,None,1,1,1,None,False,None,0,-1,depthwise,None,,0.18907373591694407,0.300000012,256,4,0,4,0,1,nan,(),100,0,1,reg:squarederror,auto,0,6.64161988e-08,0.189073741,uniform,1,1,exact,1,None,3068.3274688720703,0.6756946485922463,0.11582506863855058,3773.1776743358273,test,xgb,7,Brazil
2022-09-07 22:09:21,0.6s,85f553ea6aa14d849f58db9c9674c09b,Brazil.xgb.test,LOCAL,codrift5.py,marabots,FINISHED,6.641619720966648e-08,0.5,dart,None,1,1,1,None,False,None,0,-1,depthwise,None,,0.18907373591694407,0.300000012,256,4,0,4,0,1,nan,(),100,0,1,reg:squarederror,auto,0,6.64161988e-08,0.189073741,uniform,1,1,exact,1,None,3068.3274688720703,0.6756946485922463,0.11582506863855058,3773.1776743358273,test,xgb,7,Brazil
2022-09-07 22:09:21,0.6s,3fd93042bf1e4ceb97675d05f66c5e15,Brazil.xgb.test,LOCAL,codrift5.py,marabots,FINISHED,6.641619720966648e-08,0.5,dart,None,1,1,1,None,False,None,0,-1,depthwise,None,,0.18907373591694407,0.300000012,256,4,0,4,0,1,nan,(),100,0,1,reg:squarederror,auto,0,6.64161988e-08,0.189073741,uniform,1,1,exact,1,None,3068.3274688720703,0.6756946485922463,0.11582506863855058,3773.1776743358273,test,xgb,7,Brazil
2022-09-07 22:09:20,0.6s,2fa8b2f0b9e84d6da0dc384119d8d47f,Brazil.xgb.test,LOCAL,codrift5.py,marabots,FINISHED,6.641619720966648e-08,0.5,dart,None,1,1,1,None,False,None,0,-1,depthwise,None,,0.18907373591694407,0.300000012,256,4,0,4,0,1,nan,(),100,0,1,reg:squarederror,auto,0,6.64161988e-08,0.189073741,uniform,1,1,exact,1,None,3068.3274688720703,0.6756946485922463,0.11582506863855058,3773.1776743358273,test,xgb,7,Brazil
2022-09-07 22:09:19,0.7s,c9e13d66b61e43dc9d855dd145dcec66,Brazil.xgb.test,LOCAL,codrift5.py,marabots,FINISHED,6.641619720966648e-08,0.5,dart,None,1,1,1,None,False,None,0,-1,depthwise,None,,0.18907373591694407,0.300000012,256,4,0,4,0,1,nan,(),100,0,1,reg:squarederror,auto,0,6.64161988e-08,0.189073741,uniform,1,1,exact,1,None,3068.3274688720703,0.6756946485922463,0.11582506863855058,3773.1776743358273,test,xgb,7,Brazil
2022-09-07 22:09:19,0.6s,c49680f1ce3446a787874f4f7b15ba73,Brazil.xgb.test,LOCAL,codrift5.py,marabots,FINISHED,6.641619720966648e-08,0.5,dart,None,1,1,1,None,False,None,0,-1,depthwise,None,,0.18907373591694407,0.300000012,256,4,0,4,0,1,nan,(),100,0,1,reg:squarederror,auto,0,6.64161988e-08,0.189073741,uniform,1,1,exact,1,None,3068.3274688720703,0.6756946485922463,0.11582506863855058,3773.1776743358273,test,xgb,7,Brazil
2022-09-07 22:09:18,0.6s,b1e3425e98fb46d2a840b242d3c59455,Brazil.xgb.test,LOCAL,codrift5.py,marabots,FINISHED,6.641619720966648e-08,0.5,dart,None,1,1,1,None,False,None,0,-1,depthwise,None,,0.18907373591694407,0.300000012,256,4,0,4,0,1,nan,(),100,0,1,reg:squarederror,auto,0,6.64161988e-08,0.189073741,uniform,1,1,exact,1,None,3068.3274688720703,0.6756946485922463,0.11582506863855058,3773.1776743358273,test,xgb,7,Brazil
2022-09-07 22:09:18,0.6s,7e4957dae14049c7bb9b865c312792bc,Brazil.xgb.test,LOCAL,codrift5.py,marabots,FINISHED,6.641619720966648e-08,0.5,dart,None,1,1,1,None,False,None,0,-1,depthwise,None,,0.18907373591694407,0.300000012,256,4,0,4,0,1,nan,(),100,0,1,reg:squarederror,auto,0,6.64161988e-08,0.189073741,uniform,1,1,exact,1,None,3068.3274688720703,0.6756946485922463,0.11582506863855058,3773.1776743358273,test,xgb,7,Brazil
2022-09-07 22:09:17,0.8s,2df63bdeb5b241d0a013defa06a743a9,Brazil.xgb.test,LOCAL,codrift5.py,marabots,FINISHED,6.641619720966648e-08,0.5,dart,None,1,1,1,None,False,None,0,-1,depthwise,None,,0.18907373591694407,0.300000012,256,4,0,4,0,1,nan,(),100,0,1,reg:squarederror,auto,0,6.64161988e-08,0.189073741,uniform,1,1,exact,1,None,3068.3274688720703,0.6756946485922463,0.11582506863855058,3773.1776743358273,test,xgb,7,Brazil
